date,variant_01,variant_02,variant_03,variant_04,variant_05,variant_06,variant_07,variant_08,variant_09,variant_10,variant_11,variant_12,variant_13,variant_14,variant_15,variant_16,variant_17,variant_18,variant_19,variant_20,variant_21,variant_22,variant_23,variant_24
2024-01-02,-0.005826,0.00049,-0.010492,-0.008366,-0.007535,0.006421,-0.000994,-0.001149,-0.017372,0.004669,-0.009668,0.000424,-0.024577,0.013044,-0.010901,-0.004057,0.004898,0.011618,-0.011795,0.021548,0.009399,0.008687,-0.0032,0.005882
2024-01-03,0.008116,-0.004666,0.003753,0.012964,0.008306,-0.00731,-0.01024,-0.024233,0.00843,-0.009324,0.0054,-0.002025,0.001114,0.018681,-0.000994,-0.004162,-0.00866,0.002191,-0.000719,0.015022,0.00847,-0.002532,-0.0147,-0.00047
2024-01-04,0.003933,-0.006021,-0.004758,0.002183,-0.006531,-0.004694,0.012971,-0.007999,0.002343,-0.024801,-0.010326,-0.002693,0.008335,0.007875,-0.018054,-0.002479,0.009548,-0.002285,0.002853,0.00046,0.001099,-0.010612,0.021431,0.004593
2024-01-05,-0.013335,0.001009,0.00269,-0.013188,0.01657,-0.006153,-0.010861,-0.004536,0.014084,-0.002158,-0.003401,0.002718,0.008036,-0.002484,-0.009706,-0.015271,-0.000752,0.007786,0.008672,-0.009456,0.015622,0.005151,-0.009122,0.00504
2024-01-08,-0.014155,-0.006861,-0.008373,-0.004547,0.005188,-0.007396,0.003486,0.000728,-0.005164,0.005536,-0.017159,-0.008276,0.000334,0.008839,-0.008834,0.008203,0.001902,-0.013427,0.000893,-0.009901,-0.012354,-0.005872,-0.012214,0.007915
2024-01-09,-0.016215,0.018158,-0.002495,0.000754,-0.014494,-0.005964,0.001928,-0.001211,-0.010281,-0.017015,0.016909,0.006398,0.002553,-0.010169,0.009634,-0.003798,-0.000221,0.005884,-0.015701,0.011732,-0.013861,0.016306,-0.003193,-0.006881
2024-01-10,0.0019,-0.016541,-0.001468,-0.003451,0.008091,-0.019868,-0.011509,0.006288,-0.011488,0.013495,-0.00415,0.007453,0.000989,-0.013895,0.003689,-0.014435,-0.006736,-0.006696,-0.009254,-0.000454,0.006596,-0.008604,0.010752,0.018049
2024-01-11,-0.009522,-0.007669,0.01145,0.004801,0.015765,-0.002323,-0.001146,-0.013024,0.018049,-0.015152,-0.000583,0.00777,-0.004904,0.001922,0.013744,0.010219,0.004927,-0.0054,0.024227,0.007547,0.003805,0.001037,0.010679,0.012994
2024-01-12,-0.008257,0.014073,-0.004841,0.009864,0.001631,-0.017799,-0.00072,-0.005774,-0.007625,0.005753,0.007902,-0.003621,-0.008804,0.006747,-0.000956,-0.006486,-0.002965,0.004518,0.005631,0.01754,-0.004463,0.000411,0.015044,-0.012342
2024-01-15,-0.008875,0.019603,0.005185,-0.007096,0.009748,-0.021961,0.002803,0.000911,-0.005172,0.004219,-0.027992,0.000626,0.000263,0.000371,-0.016439,-0.008658,-0.016115,0.006603,-0.017972,0.007565,0.002552,0.010497,-0.010425,0.00592
2024-01-16,0.010381,0.006054,-0.00743,-0.014273,0.014835,0.015597,-0.00893,0.026242,0.005911,0.013395,0.005343,0.01264,-0.017168,0.006153,-0.021113,0.009826,-0.00635,0.005901,9e-05,-0.006554,0.016123,0.003008,-0.002787,-0.002886
2024-01-17,0.009783,-0.017709,-0.004387,-0.003261,-0.020822,-0.000459,0.002936,0.002871,-0.003056,0.014766,-0.008797,0.012263,-0.014231,-0.005915,-0.001303,0.007198,-0.000855,-0.004017,3.7e-05,-0.001911,0.015786,0.004142,-0.00677,-0.006967
2024-01-18,0.008334,-0.001671,0.004384,0.000421,-0.019982,0.014416,0.008006,0.000655,0.007237,0.002084,0.004982,-0.010141,0.010615,-0.006581,0.007426,-0.006724,-0.005356,-0.008364,0.006977,-0.004147,0.013554,0.010147,0.002481,-0.023961
2024-01-19,-0.027119,0.001944,0.005981,0.004475,0.009469,0.003243,-0.009557,-0.008628,0.000529,-0.008764,-0.01392,-0.004367,-0.024603,0.00513,-0.003472,0.032081,0.011345,0.021249,-0.002596,-0.005953,0.006345,-0.004686,-0.01047,0.000212
2024-01-22,-0.004099,0.005319,-0.028981,-0.003281,-0.00279,0.012176,-0.005535,-0.002737,0.028631,0.005031,0.001162,0.013239,0.01023,0.01588,-0.018366,0.008328,0.009733,0.005873,-0.00394,0.010614,0.005499,-0.00929,-0.001113,0.015808
2024-01-23,0.015808,-0.013035,-0.015716,0.021771,0.001669,-0.008811,-0.017438,0.000694,0.005128,-0.010586,0.012413,0.002915,-0.010494,-0.018031,-0.002074,0.003424,0.006706,-0.005908,0.004809,0.00242,0.004896,-0.003124,0.019819,-0.003056
2024-01-24,-0.007562,-0.000693,-0.015526,0.017331,-0.012667,0.007645,-0.009149,-0.011707,0.009824,0.000976,0.004003,-0.011444,-0.007545,0.010456,0.008189,-0.000718,-0.000312,0.002271,0.002822,0.016087,-0.001736,0.011194,0.011277,-0.012731
2024-01-25,-0.0035,0.011006,-0.001035,-0.014338,-0.006834,-0.005511,0.006759,0.00645,-0.009854,0.002926,-0.000433,0.00622,-0.014938,-0.019323,-0.008866,0.022247,0.019627,0.004838,0.005008,0.002768,-0.000766,-0.006421,0.006835,0.014939
2024-01-26,0.007536,-0.008571,0.018455,-0.004783,-0.00364,0.001018,-0.004654,-0.00955,0.001542,-0.006626,0.007576,-0.010453,-0.002513,0.014376,-0.003157,-0.005319,0.001212,-0.010029,-0.00263,-0.006399,-0.002082,-0.006314,0.006135,-0.007243
2024-01-29,0.003283,-0.012,-0.001274,0.005056,0.009883,-0.000482,-0.001256,0.002986,0.002605,0.009637,-0.010846,-0.031433,-0.009375,-0.01095,0.00175,0.005007,0.002526,-0.003538,-0.01785,-0.022628,-0.006842,0.003207,-0.017279,-0.002084
2024-01-30,0.005761,-0.005737,0.013449,0.017662,0.00257,-0.0125,-0.019318,0.001397,0.00625,0.020841,-0.01039,0.005559,-0.00874,-0.000926,-0.012265,0.000653,-0.005518,-0.014963,0.010439,0.000541,-0.005609,0.000952,0.010313,0.007543
2024-01-31,-0.003727,-0.006711,-0.008863,0.001297,0.010706,-0.010709,-0.002296,-0.009068,0.003252,-0.011266,-0.011903,-0.006643,0.003436,-0.013238,-0.009008,-0.007263,-0.002447,-0.004615,-0.010117,0.019948,-0.006844,0.015726,-0.008097,-0.005346
2024-02-01,0.020863,-0.041194,-0.001274,-0.005303,0.010948,0.001197,0.001131,0.002995,0.010123,-0.02117,0.010643,-0.013142,0.001994,0.01535,0.00639,-4e-05,-0.003767,0.020373,-0.001223,0.002406,0.003534,-0.01512,-0.019849,-0.010109
2024-02-02,-0.00171,-0.00608,-0.002552,-0.009143,-0.015472,0.021452,-0.001465,0.014032,0.001701,-0.000317,0.005425,0.006467,0.004437,0.013805,0.003255,-0.002382,-0.030682,0.009659,0.008541,-0.017112,0.005683,0.000538,-0.003845,-0.024965
2024-02-05,0.003061,-0.003228,0.014962,0.015475,-0.000298,-0.012793,0.002196,0.008584,-0.008844,-0.003678,0.005681,0.002882,0.010104,0.011767,0.012963,0.01361,0.001529,0.007863,0.003602,-0.014318,0.000811,-0.022203,0.008287,-0.016713
2024-02-06,-0.012918,-0.002251,-0.005248,0.003029,0.001768,-0.001513,0.01327,-0.016716,0.018006,0.015069,0.005551,0.010219,0.001435,-0.006981,-0.002771,0.007711,0.003696,-0.02836,0.016839,0.00832,0.005095,-0.004847,0.001384,-0.009735
2024-02-07,0.009118,0.004732,-0.012382,-0.015541,-0.003879,-0.0016,-0.006415,0.001974,-0.000796,-0.009056,0.023378,0.008638,0.008762,-0.003413,0.006746,-0.002054,-0.012404,-0.011046,0.001353,-0.013855,0.011497,-0.004815,0.005598,-0.012566
2024-02-08,8e-05,-0.00241,-0.004452,-0.002286,0.019943,-0.009559,0.005351,0.015173,0.007084,-0.005619,-0.006998,-0.014138,0.009235,0.010442,-0.00522,0.019792,-0.01586,-0.006408,-0.005216,-0.009382,0.010262,0.008586,0.011196,0.001727
2024-02-09,0.029224,0.008757,-0.002964,0.008841,0.022581,-0.001727,0.010628,-0.00772,-0.001901,0.017811,0.001349,0.000217,0.005434,0.00705,0.002643,0.00531,0.008297,0.027737,-0.00569,-0.015516,0.017023,-0.000602,-0.00066,-0.003403
2024-02-12,0.001657,-0.001048,0.004441,-0.027299,-0.008066,-0.007274,0.009242,-0.012396,-0.006352,-0.006795,-0.007553,0.012398,0.011288,0.012697,0.001309,0.010092,0.005662,-0.00386,0.00368,0.009601,0.002105,-0.004726,0.004887,0.002348
2024-02-13,-0.019491,0.004621,-0.001602,0.026931,0.001185,0.00402,-0.003566,-0.007043,0.001128,0.002521,0.014157,0.003922,-0.002832,-0.016023,0.015582,0.004456,-0.005903,-0.005316,-0.004065,-0.012432,-0.004689,0.002901,-0.006792,-0.00635
2024-02-14,0.018556,-0.007707,0.003524,0.027794,0.009509,0.017586,0.012614,-0.01214,0.000652,0.006201,-0.000617,0.007346,0.008857,0.000355,-0.014009,0.006701,-0.004465,-0.002908,-0.019971,0.006936,-0.012894,0.008699,-0.009718,0.006657
2024-02-15,0.003263,0.008853,0.012627,-0.001765,-0.003389,-0.004682,-0.004567,-0.012766,0.010582,0.022324,-0.007148,0.001374,0.011362,0.008642,0.01338,-0.011157,-0.028514,-0.001815,0.002635,-0.013745,-0.008596,-0.016016,0.00019,-0.017793
2024-02-16,0.0066,-0.005472,-0.020808,0.01412,0.004688,0.003498,0.004994,0.003423,-0.022509,-0.009026,0.004501,0.004219,-0.015667,0.023076,0.007506,-0.01035,-0.005132,0.003534,0.00261,0.022093,0.00171,0.013474,-0.015024,0.00962
2024-02-19,-0.024358,-0.002126,0.012799,0.006314,-0.023682,-0.006311,0.000211,-0.017398,0.007652,-0.004522,-0.001583,-0.016676,-0.004159,-0.020238,0.013892,-0.008931,-0.021105,-0.007124,0.016755,-0.001324,0.003044,-0.004793,0.015533,-0.011971
2024-02-20,-0.004799,0.001104,-0.006501,0.009395,-0.015418,0.001985,0.000599,0.023733,-0.01992,-0.000869,0.008338,-0.013296,0.00554,-0.000488,0.006787,0.004854,0.007008,0.01036,0.003629,0.016294,0.012831,-0.001067,-0.013249,-0.021341
2024-02-21,0.003409,0.018994,0.005566,-0.009118,0.012271,0.013662,-0.017523,-0.008496,0.012439,0.014951,-0.007125,-0.007297,-0.022396,-0.005487,0.02677,-0.002846,-0.005635,0.019015,0.006104,-0.001159,-0.013545,-0.009502,0.018303,0.005278
2024-02-22,0.010495,0.012878,0.015838,-0.015342,0.004383,0.021522,0.000138,-0.004958,-0.001924,0.002541,-0.006716,-0.00831,0.007033,-0.014664,-0.020609,-0.001224,0.003777,0.010803,-0.021187,-0.010163,-0.006117,0.006964,-0.001516,-0.004829
2024-02-23,-0.003517,0.00075,-0.00052,-0.012237,0.00011,-0.001149,-0.005005,-0.019286,-0.005938,-0.017119,-0.002896,-0.007588,-0.004951,0.007618,0.001108,-0.007339,0.022811,-0.00086,0.009879,0.007405,-0.021143,-0.00501,0.005849,0.00296
2024-02-26,-0.008816,0.006878,0.006311,0.037069,0.005449,-0.021883,-0.016995,-0.012111,0.010705,-0.010352,0.016271,0.01232,-0.010609,0.0057,-0.01247,-0.002268,-0.002995,-0.00765,-0.004708,-0.003087,0.009665,-0.006651,0.016827,0.01002
2024-02-27,-0.008298,0.001927,-0.002279,0.012719,-0.003629,-0.007041,0.009955,0.003343,0.004605,-0.003559,0.005147,-0.022367,-0.01493,0.005122,-0.010058,-0.013159,-0.007258,-0.007709,-0.009667,0.000432,0.001998,0.015925,-0.005054,-0.012028
2024-02-28,0.019455,0.002077,-0.027354,-0.009477,0.006235,-0.00627,-0.006159,0.014394,-0.008066,0.000809,0.009009,-0.021587,-0.015122,0.012899,0.008907,-0.025934,0.012688,0.002624,0.005961,-0.000147,-0.012975,0.015999,0.009522,0.015713
2024-02-29,-0.025145,0.015546,0.013871,0.01335,0.009709,-0.0003,0.006817,0.015203,-0.006331,0.008214,0.002269,0.002369,-0.006437,-0.008861,0.002202,0.011293,0.000449,0.009179,-0.003318,-0.001698,-0.000386,-0.006634,0.009597,0.012465
2024-03-01,-0.01783,0.013417,0.00726,0.020703,0.017259,0.000517,-0.003778,-0.002872,-0.015571,-0.0037,0.015213,-0.013564,-0.000305,0.010753,0.019479,0.009527,-0.003503,-0.016259,0.00488,0.003323,-0.010101,0.002062,0.009501,0.01034
2024-03-04,0.023349,-0.003828,0.014833,-0.014828,-0.001466,-0.009609,0.010797,-0.006289,-0.013528,0.002606,-0.01092,-0.016802,-0.014451,0.003989,-0.001566,-0.010171,-0.015202,0.01024,0.000537,-0.003587,-0.000519,-0.005394,0.001025,-0.00383
2024-03-05,-0.013467,0.006974,0.012434,-0.018084,-0.008321,0.002973,-0.007308,-0.003496,0.003055,-0.004177,-0.004507,0.016028,0.001163,-0.010572,0.003452,0.006236,-0.006855,-0.019285,0.002017,-0.005001,0.010389,0.001049,0.004312,0.012938
2024-03-06,0.001859,0.009321,6.7e-05,-0.005035,-0.018571,-0.000446,-0.018993,0.012871,-0.010979,-0.001567,-0.000492,-0.003396,-0.005302,-0.008189,-0.004362,-0.008673,-0.013037,-0.004032,-0.000547,-0.012616,0.008821,0.023829,0.006366,-0.025025
2024-03-07,-0.012043,0.009063,-0.007408,-0.015544,-0.011909,-0.007205,-0.013125,-0.008828,-0.00327,0.02938,0.002154,-0.002054,0.003171,0.012197,0.004924,-0.00605,-0.002835,-0.010459,-0.012716,0.007909,0.010737,-0.009365,-0.025962,-4.6e-05
2024-03-08,0.009265,0.004022,0.007608,0.007189,0.013174,0.002976,-0.010182,-0.000906,-0.00055,-0.002818,0.016968,0.005558,0.002531,-0.009458,0.007927,-0.022513,-0.011916,0.003664,0.000476,0.008639,-0.005383,-0.013045,0.010136,-0.013011
2024-03-11,-0.014413,-0.00769,0.000905,-0.000902,-0.020129,-0.005664,-0.010528,-0.004441,0.015991,0.0093,-0.024025,-0.005082,0.008539,0.005295,-0.012642,0.010818,0.010093,-0.008628,0.004562,-0.002518,0.006982,-0.020393,-0.014495,0.00695
2024-03-12,-0.002942,-0.00589,0.013855,0.010592,0.026748,-0.002226,-0.013413,8.6e-05,0.007487,0.006572,-0.013397,-0.019632,0.004454,0.015133,-0.014186,0.002577,0.011355,-0.013215,0.004635,0.012322,0.027033,0.013229,0.002613,0.009964
2024-03-13,0.004625,0.00195,0.010634,0.009008,0.005678,-0.013862,-0.018749,0.011827,-0.011885,-0.002557,0.014875,0.000849,0.014104,0.019796,0.00877,-0.011255,-0.011701,-0.006556,0.022061,0.010054,-0.011206,0.010664,0.006427,0.000737
2024-03-14,-0.019313,0.016897,0.014326,0.005128,0.008544,-0.01118,0.012543,-0.014226,0.005083,0.011138,-0.001891,-0.01451,-0.003836,0.005309,-0.005306,-0.014266,-0.004026,0.003963,0.004305,0.002205,0.001557,0.002261,-0.018551,0.00889
2024-03-15,0.014143,0.001847,0.008608,0.000179,0.00226,0.023183,0.011095,0.02347,-0.011604,-0.004726,0.003948,0.004298,-0.010787,-0.006002,-0.006518,0.010208,-0.013934,-0.015861,-0.00958,-0.002147,-0.00703,-0.00795,-0.017543,-0.000241
2024-03-18,0.003659,-0.022587,0.020704,-0.012653,-0.015145,0.013956,0.013082,0.007881,0.012239,-0.014862,0.018772,-0.005874,0.006514,0.016246,-0.013632,-0.002198,0.026121,-0.000734,-0.004003,0.002637,0.011434,-0.013283,0.011117,-0.023247
2024-03-19,0.002938,-0.001515,-0.027355,-0.005988,0.024261,0.008592,0.012517,0.002973,-0.019702,-0.015043,0.004086,0.005049,0.0047,-0.009435,-0.021369,-0.010267,-0.016897,-0.005263,0.014884,-0.004884,0.032602,-0.009066,-0.000784,0.008211
2024-03-20,0.012664,0.010431,-0.021126,-0.009445,-0.001483,0.00911,-0.015149,-0.011882,0.005195,0.004107,0.01388,-0.005624,-0.003087,-0.00966,-0.009213,-0.020021,0.01844,-0.014956,0.013639,0.007929,0.002832,0.01101,-0.000675,-0.012617
2024-03-21,0.017628,0.001142,-0.017849,-0.007463,-0.004931,-0.009242,0.007637,0.01614,-0.002991,0.017667,0.001498,0.001935,-0.017479,0.013249,0.01188,0.001497,-0.009609,0.000631,-0.004717,-0.004359,0.010108,0.033115,-0.010556,0.010601
2024-03-22,0.002105,-0.011575,0.004912,-0.012756,0.00575,-0.020729,-0.022062,0.002344,0.002581,-0.001046,-0.00482,0.026691,-0.006778,-0.004495,-0.016141,0.004969,0.004381,-0.012654,0.011143,0.005645,0.013234,-0.007745,-0.006872,-0.008858
2024-03-25,0.004565,0.012751,-0.003545,-0.005671,0.012249,-0.026529,-0.003898,0.012513,-0.002122,0.008969,-0.006218,0.009778,-0.012209,-0.005078,0.018282,-0.00086,-0.017086,0.001817,0.000454,-0.005718,0.011043,-0.007277,-0.00406,0.00994
2024-03-26,0.01712,0.004406,-0.002431,-0.022432,0.016115,-0.010277,-0.020176,-0.008169,-0.004388,-0.013156,-0.003411,-0.012793,0.001143,-0.030482,0.001892,0.024479,0.012231,0.004238,0.002003,-0.010239,-0.009463,-0.005147,-0.00301,0.025615
2024-03-27,-0.00529,0.021069,0.006316,0.002749,0.012922,0.003823,0.017112,-0.001743,0.001447,-0.00795,-0.016415,-0.007183,-0.013074,-0.005099,0.003507,0.004895,-0.002324,-0.02811,-0.002833,0.010023,-0.01481,-0.001163,0.014216,0.01512
2024-03-28,-0.004913,-0.006009,0.009119,-0.01391,-0.008381,0.005349,0.009577,-0.000434,-0.001618,-0.002544,0.013815,0.005022,-0.001428,-0.004445,0.002249,-0.00913,-0.006138,0.006673,-0.016674,0.004231,-0.010871,0.023188,0.003366,0.000517
2024-03-29,1.1e-05,0.013848,0.01376,-0.016763,-0.012093,0.003162,-0.005991,-0.000982,0.011957,-0.023011,-0.007575,0.014322,-0.006334,-0.001169,0.015314,0.002605,0.021914,-0.002697,0.005639,-0.00314,0.001055,-0.005312,0.010145,0.009021
2024-04-01,0.004096,-0.008226,0.007079,-0.013356,0.001858,-0.000794,0.007357,-8.8e-05,0.00423,0.015542,-0.00103,0.01035,-0.00952,-0.004517,-0.002782,0.006239,-0.005281,0.010774,-0.010641,0.010988,-0.009536,0.001375,-0.013362,-0.008435
2024-04-02,0.001315,-0.006143,-0.016743,0.008447,0.004802,0.000691,0.01361,-0.003771,0.002717,-0.011362,-0.004097,0.016347,-0.001132,-0.014917,-0.005685,-0.003976,0.001898,0.007912,0.007155,-0.00916,0.012492,-0.004438,-0.01219,9.1e-05
2024-04-03,-0.015956,0.002928,-0.009107,0.000474,-0.006229,-0.000965,-0.005951,0.002017,0.007111,0.000567,0.014566,1.4e-05,0.021912,-0.014156,-0.007427,0.001935,-0.014152,-0.016472,0.00283,0.007825,0.00917,0.001242,0.002767,0.026667
2024-04-04,0.005144,-0.009192,-0.003398,-0.000181,-0.008997,0.002901,-0.008236,-0.003282,-0.007264,0.001277,-0.00339,0.025904,-0.003514,-0.006625,-0.01505,-0.002914,-0.006531,0.002165,0.0193,-0.00751,0.003413,-0.021805,-0.015845,0.014882
2024-04-05,0.006138,0.012244,-0.011528,0.000114,0.000597,-0.010315,-0.007899,0.010704,0.010772,-0.00864,0.009517,-0.009081,-0.007891,0.016938,0.005744,-0.002375,0.00697,0.003807,-0.000601,-0.009027,-0.002241,0.00919,0.007899,-0.019791
2024-04-08,-0.000537,-0.001008,-0.001585,-0.008537,0.001085,0.00131,0.006133,0.005914,-0.001213,-0.002714,-0.007708,-0.008448,0.014189,0.005386,-0.023535,-0.0196,0.012115,-0.030461,-0.002481,-0.000539,0.007111,-0.02057,0.007209,0.008653
2024-04-09,-0.014662,0.009854,-0.015817,0.009797,-0.014497,-0.011306,-0.00022,0.00099,-0.003843,-0.015893,0.003956,0.00695,-0.006972,0.003684,-0.000154,0.018536,-0.014774,0.020481,-0.014028,0.010946,-0.011481,-0.00325,-0.00766,-0.006561
2024-04-10,0.003099,0.012856,0.002783,-0.013987,-0.004742,0.000733,-0.015612,-0.004132,-0.001475,-0.007154,0.005682,-0.004951,-0.004263,0.018649,-0.006969,-0.002832,-0.003721,0.010134,0.034306,-0.008636,0.000167,-0.009608,-0.006573,-0.018454
2024-04-11,0.002886,-0.032554,0.002118,-0.016203,-0.024802,-0.000936,0.007544,0.001655,0.013672,0.0257,0.023933,-0.008538,0.002625,-0.012769,0.008884,-0.015588,0.015108,0.012048,-0.009247,-0.004812,-0.000338,0.00566,0.0082,0.023546
2024-04-12,-0.001331,0.005003,0.002258,-0.026602,-0.009251,0.017398,0.011052,0.005791,0.007567,0.001016,-0.015469,0.019787,0.017583,0.02389,0.004847,0.006271,0.003087,0.005833,0.000453,0.007937,0.014599,0.005345,-0.003571,0.008118
2024-04-15,-0.011912,-0.004,0.008917,-0.019981,-0.000622,0.018644,0.006512,-0.009262,-0.004027,0.014956,0.009674,0.007943,-0.009922,-0.007225,-0.013927,-0.005531,-0.015591,0.00751,0.001876,0.009902,-0.006351,-0.019539,0.004903,-0.005609
2024-04-16,-0.014315,0.004912,-0.025005,-0.01046,-0.012067,0.003458,0.004004,0.00631,0.007376,-0.005603,-0.014473,-0.011054,-0.007468,0.003872,0.015403,-0.006439,-0.004163,0.011528,0.008472,-0.017765,-0.006226,-0.015673,0.019751,-0.02323
2024-04-17,-0.003478,-0.004382,0.008946,-0.009343,0.002419,-0.010996,-0.000605,-0.00399,0.013823,0.012804,-0.006088,0.022431,-0.014789,0.015256,-0.015025,0.007945,0.001696,-0.020605,0.001858,0.015397,-0.00184,-0.009275,-0.007179,0.005337
2024-04-18,-0.017332,-0.002896,0.01197,-0.016609,0.011015,0.01794,0.000424,-0.001214,0.002628,-0.005817,-0.005247,0.001317,-0.005652,-0.007686,-0.004716,-0.000377,-0.015974,-0.003134,0.001909,0.002895,0.017296,-0.019373,0.004056,0.008557
2024-04-19,0.011006,0.013521,0.00091,0.008908,-0.002414,0.004522,0.01116,-0.006832,-0.00376,0.010859,0.009297,0.016666,0.00156,-0.001279,-0.002251,0.002535,0.005632,-0.020438,-0.009524,0.006923,0.007573,-0.00466,-0.008609,-0.010069
2024-04-22,-0.015273,-0.00752,-0.02517,-0.00386,0.000315,-0.004064,0.011981,-0.016145,0.012849,0.000609,0.00221,-0.007461,-0.00596,-0.02494,0.003792,0.01335,0.003008,-0.002539,-0.003022,-0.004472,0.015355,-0.003682,0.007301,0.014208
2024-04-23,0.005925,-0.011193,-0.002336,-0.006963,0.005563,-0.003301,-0.005878,0.010651,-0.000308,-0.006074,-0.007114,-0.005703,0.003572,-0.022811,0.005291,-0.011822,-0.006201,-0.004648,-0.020796,-0.019728,0.010614,-0.001242,0.003384,-0.004285
2024-04-24,-0.014565,8.6e-05,-0.013076,0.002271,0.010114,0.00219,-0.005757,-0.000427,0.004027,-0.004193,-0.001618,-0.002605,-0.010007,0.024655,0.002333,0.014935,-0.016765,0.001659,-0.01931,0.005577,0.004928,-0.013731,0.006566,0.010085
2024-04-25,0.004686,-0.001837,-0.000726,0.003584,0.001926,-0.007962,-0.013198,0.022836,-0.010646,0.000948,-0.000417,-0.000125,0.01368,-0.001332,0.008011,-2e-05,-0.018831,-0.012664,-0.015481,-0.003295,0.009958,0.023631,0.005063,0.019288
2024-04-26,0.013766,0.017562,0.001352,-0.004143,0.001547,-0.003591,0.004156,0.018523,0.007383,-0.01087,-0.007937,-0.000527,-0.010325,0.018666,-0.006082,0.002011,-0.002106,0.020506,-0.005179,0.002772,0.005485,-0.00851,0.022991,0.019141
2024-04-29,0.008245,0.003254,0.007888,0.002086,-0.009973,0.008137,0.018919,0.022788,-0.006626,0.019576,-0.01266,0.00202,0.005994,-0.007871,-0.002593,-0.008048,0.010411,0.003551,0.006149,0.020521,0.008674,-0.014721,0.004863,-0.003012
2024-04-30,0.017526,0.003841,0.011067,-0.017841,-0.007209,0.002264,0.000521,-0.007722,-0.020092,-0.003265,-0.002639,0.003776,-0.00277,-0.027887,-0.008967,0.004399,0.005744,0.004937,-0.006252,0.014422,0.021452,-0.004246,-0.005979,0.00439
2024-05-01,0.006828,-0.01055,-0.022737,-0.014469,0.002502,-0.002039,0.000216,0.015997,-0.004292,-0.023934,0.006204,0.01769,-0.005397,-0.001042,-0.013378,-0.000209,0.00734,0.010545,-0.001986,0.000331,0.00561,0.000611,0.005422,-0.01023
2024-05-02,-0.01732,-0.004971,-0.005527,0.017288,0.029661,0.005682,0.016372,-0.005325,0.002367,0.000459,0.006455,-0.013953,-0.015328,-0.003098,-0.00074,-0.001702,0.026378,-0.009519,-0.015064,-0.003922,-0.001771,0.00648,-0.009525,0.023459
2024-05-03,0.0151,0.006455,0.008193,-0.007781,-0.012854,0.014743,-0.004399,-0.020427,-0.021406,-0.014952,0.00838,0.007498,0.001739,0.008209,-0.005399,-0.008301,0.00967,-0.010983,-0.001518,-0.009117,0.010434,-0.007811,-0.014796,-0.01379
2024-05-06,-3e-06,-0.010807,-0.029951,-0.004838,0.022007,0.015136,-0.007016,0.00855,0.006688,0.008938,-0.00158,-0.01096,-0.00065,-0.016505,-0.014194,-0.00757,-0.006411,0.009992,-0.002458,0.007292,-0.009386,0.000589,-0.017517,-0.0195
2024-05-07,-0.003413,0.009989,0.01467,-0.011489,-0.018031,0.001431,0.018894,-5e-05,0.011658,0.003997,0.028412,0.001516,-0.001843,0.009552,-0.006697,-0.014615,0.012459,0.01274,-0.016156,0.00391,-0.004658,-0.005365,0.005903,0.010065
2024-05-08,0.01546,-0.005268,0.00798,-0.009499,-0.01032,-0.004505,0.007378,1.8e-05,-0.000981,0.010459,0.003185,0.006858,-0.002268,-0.000993,-0.001823,-0.00919,0.001531,-0.013187,-0.004506,0.00027,-0.012864,-0.001785,0.003504,-0.014336
2024-05-09,0.014325,0.008457,-0.009201,0.013814,-0.001911,0.013975,-0.007281,0.003959,-0.013014,0.008954,-0.016531,-0.004856,-0.000393,-0.011076,-0.013678,0.013093,0.024547,-0.00341,0.000621,0.010563,0.016535,-0.002091,-0.001908,-0.002046
2024-05-10,-0.009382,-0.002817,-0.014082,0.000557,0.006618,-0.022957,0.003288,-0.002834,-0.001135,-0.009224,-0.015605,-0.00513,-0.010731,0.007819,-0.012975,-0.018152,-0.012906,0.006191,-0.008897,0.003198,-0.007763,0.010257,0.005694,-0.000902
2024-05-13,-0.001933,0.011355,0.001227,-0.019709,-0.007092,-0.006052,-0.008042,-0.00169,0.017916,-0.014764,-0.007319,0.0037,0.009256,0.027555,-0.005829,0.012473,0.003304,-0.004069,0.020308,-0.008297,0.01162,-0.00662,0.004191,0.002365
2024-05-14,0.006854,-0.021774,0.006078,-0.009747,0.017805,-0.00869,0.013971,-0.000839,-0.016143,0.010724,-0.001402,-0.000615,-0.02415,-0.013895,-0.003205,-0.011061,0.004779,0.008394,-0.022526,-0.013575,-0.000274,0.013556,-0.001863,0.007229
2024-05-15,0.007185,-0.001486,-0.024041,0.005065,0.008006,-0.016174,-0.002204,0.000665,0.013336,0.001125,0.007521,-0.016993,-0.006008,0.017776,0.01408,-0.007002,-0.004555,0.002513,-0.01179,0.007638,-0.009175,0.006613,-0.014849,0.012777
2024-05-16,0.015395,-0.015065,-0.00686,-0.014219,0.006792,0.019936,0.00529,-0.006096,-0.003591,-0.009845,0.006841,-0.006922,0.004549,-0.018216,-0.003214,0.005477,-0.002251,-0.012831,0.002337,0.009845,0.008562,0.014612,0.019136,-0.013027
2024-05-17,-0.017949,-0.005775,0.003086,-0.014251,0.006127,-0.000827,-0.018763,0.009312,-0.002106,0.018686,0.012258,0.001734,0.004842,0.007915,0.006489,0.006833,0.009436,-0.008659,0.001743,0.002987,0.019425,0.009256,0.019029,-0.013005
2024-05-20,-0.020285,-0.00272,0.004264,-0.001952,-0.005952,0.008371,-0.009579,0.006684,0.001894,-0.010401,0.001871,-0.015318,-0.022171,0.00633,0.020895,-0.026204,0.000282,-0.009721,-0.004014,-0.007318,0.013645,-0.022323,-0.012931,0.001226
2024-05-21,-0.00275,0.013586,-0.004935,-0.011712,0.026091,0.011769,-0.000588,0.015903,-0.005064,-0.008388,-0.010976,0.007308,0.002807,0.007264,0.017106,0.00513,0.017898,-0.015348,-0.006012,0.008765,-0.00328,0.003909,-0.013383,0.007755
2024-05-22,0.01205,-0.006765,-0.014562,-0.004412,-0.01594,0.019673,-0.008145,-0.014395,-0.004801,-0.006795,0.010769,-0.017362,0.003273,0.001541,-0.009604,-0.000853,0.007247,0.005749,-0.01,0.00382,0.003674,0.01247,0.009691,-0.016529
2024-05-23,0.005229,0.006237,0.003235,-0.002498,0.001353,0.002329,-0.000398,0.014111,-0.000215,0.012974,0.006364,0.001752,0.008832,-0.003727,0.002199,-0.013213,-0.004468,0.006028,0.004277,-0.003961,-0.003243,0.004306,0.022538,0.00069
2024-05-24,0.004761,0.002968,-0.002482,0.007182,0.001871,0.02055,0.010226,0.000995,-0.005097,0.020188,-0.023226,0.017895,-0.005753,0.013403,-0.003867,-0.021018,-0.013745,0.006781,-0.013457,0.00852,-0.006317,-0.013761,-0.007735,0.001342
2024-05-27,-0.00395,0.008573,-0.008518,-0.023097,0.022471,-0.010689,-0.011386,-0.009327,-0.003522,0.00172,0.001643,-0.026534,0.0139,-0.002908,-0.003402,-0.013022,-0.01724,0.010296,-0.005456,-0.017889,0.005738,0.001972,0.001822,-0.013934
2024-05-28,-0.004122,0.00045,0.003931,-0.021651,0.002927,0.01762,-0.01484,-0.001532,-0.002099,-0.011505,-0.014552,0.00854,-0.009513,0.00804,-0.006243,0.028552,-0.004319,-0.008944,-0.006975,0.011087,0.011708,0.017557,0.010241,-0.01043
2024-05-29,0.017936,0.001794,-0.017373,0.017009,0.00311,-0.001818,0.002666,0.016208,0.004551,-5.7e-05,0.025868,-0.000899,0.013298,0.008466,0.01679,0.00574,0.010463,0.010016,0.016837,-0.006351,0.008537,0.010412,-0.01036,0.000514
2024-05-30,0.009808,0.004563,0.00405,0.015561,-0.004426,-0.008458,0.01045,-0.000307,-0.01833,-0.013004,-0.001646,0.002943,0.01542,-0.002,-0.004202,0.000364,-0.008691,0.009603,0.000604,0.003925,0.018306,0.001827,0.000993,-8e-05
2024-05-31,-0.012897,0.007856,0.005225,-0.017063,-0.001618,-0.026247,0.014081,0.008832,0.002248,0.00146,-0.003523,-0.013982,0.010493,-0.003401,-0.01243,0.007712,-0.003347,-0.000686,-0.003203,0.023646,0.002865,0.003552,-0.01631,0.010384
2024-06-03,-0.009812,-0.00743,-8.4e-05,0.006502,-0.003283,0.000509,-0.012434,0.014779,-0.01679,0.00836,0.010883,-0.001514,0.00377,0.00088,0.006572,-0.010161,-0.005904,0.003682,-0.002898,-0.012984,-0.01616,-0.00941,0.007221,0.013865
2024-06-04,0.016716,-0.005952,0.008446,0.002616,0.003773,0.010574,-0.000842,-0.015786,0.008491,-0.011596,0.020459,0.006684,-0.014181,0.019635,0.008534,0.005533,-0.007427,0.000361,-0.002632,0.008066,-0.018569,-0.002413,-0.011534,-0.011232
2024-06-05,0.004475,-0.016783,-0.009196,-0.006425,0.00586,-0.012684,0.016831,-0.002515,-0.003046,0.001077,-0.021929,0.0097,0.000686,-0.006406,-0.006434,-0.020294,0.002603,-0.007525,-0.007154,0.012431,-0.005675,-0.01415,0.012978,0.01175
2024-06-06,-0.013832,0.006981,0.005091,0.001749,0.008292,0.009911,-0.015744,-0.005693,-0.016465,0.000124,-0.006567,-0.003018,0.001876,0.002558,-0.001445,0.001995,0.009389,0.00173,0.001313,-0.009921,0.023757,0.011536,0.007993,0.012612
2024-06-07,0.01683,-0.007074,0.007642,-0.00711,0.00691,0.005192,0.027415,-0.003864,0.019262,-0.009909,-0.003282,0.004976,0.003193,-0.012181,0.006132,-0.0058,-0.000917,0.003253,0.004746,-0.00275,-0.006274,-0.016035,0.02063,0.001317
2024-06-10,-0.007866,-0.022046,0.007172,-0.010567,0.01811,0.010944,-0.009184,0.003351,-0.008868,-0.001054,-0.005006,-0.008921,-0.010643,-0.000978,-0.00231,0.008539,-0.007338,0.007192,0.011808,0.011288,-0.006759,0.001534,0.001108,0.011158
2024-06-11,-0.007304,0.002669,0.003867,-0.014076,0.025878,-0.006615,0.012372,0.005824,0.00217,-0.01726,0.013774,0.00748,-0.002739,-0.005628,0.008142,0.002324,-0.005545,-0.015848,-0.01577,0.012693,-0.000389,0.008228,0.002302,-0.00687
2024-06-12,0.000838,0.007405,0.001965,0.022844,-0.00424,-0.011752,0.026597,0.006879,-0.006056,-0.002316,-0.004273,0.013787,-0.000895,-0.009013,-0.005043,0.016008,0.009763,0.000871,0.001196,0.00858,0.020732,0.016604,0.004094,0.002748
2024-06-13,0.017329,-0.00392,0.023332,-0.002272,0.004037,-0.004692,-0.010945,-0.006151,0.007546,0.009145,0.000637,0.000592,0.000839,-0.011472,0.022801,0.003555,-0.008449,-0.00911,-0.000595,-0.015347,0.011321,-0.009687,0.004756,-0.021605
2024-06-14,-0.003002,-0.010357,-0.008064,0.015341,0.007778,-0.010208,0.005438,0.003845,0.007725,-0.00945,0.008664,-0.002126,-0.003995,0.008479,0.015016,-0.000492,0.006377,-0.010644,-0.016942,0.005562,-0.006353,-0.010465,0.003816,-0.010246
2024-06-17,-0.015475,0.021844,-0.000347,-0.013405,-0.000907,0.0155,-0.0081,-0.009097,0.02068,-0.004771,-0.019857,0.008197,-0.008584,0.008102,-0.013903,-0.002744,0.020545,-0.014897,0.000271,0.009751,0.008708,0.004,0.004189,-0.000613
2024-06-18,0.009974,0.012388,-0.012872,0.005381,-0.017972,-0.014135,0.02546,-0.0065,-0.018099,-0.016948,-0.005477,0.002874,0.010858,-0.002559,0.010116,-0.008367,0.02402,-0.015136,0.002644,0.021855,-0.008069,0.008044,-0.006145,0.003278
2024-06-19,0.00821,-0.002275,0.005117,0.010707,-0.025039,0.003941,-0.016077,0.016192,0.002511,0.004151,-0.004262,0.014299,-0.000304,-0.015569,0.016303,0.004761,-0.024621,0.009355,-0.002891,0.009925,0.009549,0.008669,0.003575,-0.000955
2024-06-20,0.005414,-0.011069,0.012805,-0.0011,-0.008984,0.019172,0.001902,0.017962,0.003372,-0.004646,0.001056,0.001734,0.004381,0.000365,-0.012448,-0.014354,0.01931,0.00517,0.00925,0.007879,-0.005624,-0.004123,-0.011191,-0.016219
2024-06-21,-0.007943,-0.01101,0.010712,-0.007375,0.015882,0.001873,0.004107,0.01316,0.00524,-0.00598,0.019731,0.01059,0.01628,-0.013048,-0.005853,0.001949,0.016339,0.003217,0.013814,-0.004159,-0.00659,-0.006509,0.006644,-0.007737
2024-06-24,0.00875,-0.010512,-0.014089,-0.002426,-0.006619,0.005474,-0.00088,-0.013883,-0.001303,0.002013,0.026753,0.011166,0.038991,-0.022109,-0.002229,-0.005518,-0.00602,0.001306,-0.011467,-0.006603,0.011538,0.015667,-0.012633,0.00984
2024-06-25,0.013103,0.005537,0.004357,-0.001817,0.022292,-0.009447,-0.004907,0.011314,-0.006589,0.005071,-0.007786,-0.005353,0.006856,0.005171,0.006781,0.002356,-0.009712,-0.013841,-0.002678,-0.003387,-0.007005,-0.013019,-0.01508,0.005735
2024-06-26,0.000877,0.004606,0.010379,-1.9e-05,0.000225,-0.011344,-0.00462,-0.01281,0.021087,0.006115,0.004232,0.012968,0.01205,-0.024624,-0.022139,-0.001767,-0.012533,0.006498,-0.006988,-0.000608,-0.002484,0.001596,0.002478,0.008879
2024-06-27,0.000538,-0.01396,0.000619,0.004394,-0.006899,0.012948,0.014697,0.018608,0.000722,-0.009184,-0.019583,-0.007665,0.006084,-0.006037,-0.009648,-0.006732,0.005169,0.003394,0.003276,0.011684,-0.025457,0.012252,-0.003088,-0.000884
2024-06-28,-0.001235,0.002541,-0.015559,0.000892,-0.006011,0.004418,-0.01553,0.008052,-0.011606,0.00119,-0.004053,-0.007126,0.005081,0.009015,0.002029,-0.00059,0.006443,-0.009982,0.002958,0.001886,0.020585,0.007261,-0.016555,0.015257
2024-07-01,-0.00133,0.006393,-0.00024,-0.00192,-0.006936,-0.014237,0.003576,-0.00357,0.007678,-0.006287,-0.010465,0.002428,0.019285,-0.018434,0.013524,-0.000212,0.01694,-0.00752,-0.010191,0.0066,-0.003787,0.015737,0.007789,-0.017687
2024-07-02,-0.007777,-0.00313,0.015169,0.005555,0.017044,0.006598,-0.009614,-0.001677,-0.011471,0.012012,0.019346,0.017172,-0.004821,-0.000513,0.002487,-0.003508,-0.011719,0.010822,0.023874,0.009922,-0.014084,0.005373,0.006946,0.004207
2024-07-03,-0.011954,-0.014359,0.007794,-0.008196,0.010552,0.00505,-0.013652,-0.016422,0.013501,-0.017753,-0.033452,0.008517,0.00136,0.012155,0.005793,-0.007773,0.004815,0.013586,0.002613,-0.011926,0.014067,-0.008626,-0.000425,0.001849
2024-07-04,-0.009154,0.013632,0.012966,-0.000666,-0.01391,-0.016825,-0.012681,0.001072,-0.003407,0.011163,0.015859,-0.014969,0.010069,-0.007237,0.001091,-0.001994,-0.003272,0.006158,-0.00263,0.018208,-0.014305,0.020963,0.003864,-0.005576
2024-07-05,-0.013431,-0.004982,0.000289,0.009125,-0.020673,0.007748,-0.014935,0.023415,-5e-06,-0.004547,0.00859,0.00041,-0.00463,0.005977,-0.001442,0.002531,0.007546,0.008919,-0.000643,-0.006615,-0.008286,0.000284,0.011939,0.006396
2024-07-08,-0.007891,-0.024251,-0.028815,-0.009441,-0.001637,-0.009858,-0.007595,0.010633,0.006424,-0.004386,-0.010568,-0.006807,0.006549,0.000874,0.009478,0.025128,-0.006867,-0.002346,-0.008644,-0.011299,0.011327,-0.018396,-0.001106,0.000299
2024-07-09,0.008743,0.00094,-0.008554,0.007424,-0.010425,0.00285,-0.012853,0.023928,0.005789,0.002053,0.006788,-0.000212,0.000999,0.012477,0.009502,-0.013904,0.003133,0.008294,0.001775,0.001749,-0.004441,0.002377,-0.013176,0.002515
2024-07-10,0.008869,-0.009171,-0.004598,0.009568,-0.005649,-0.000253,-0.012117,0.001311,-0.008927,-0.006982,-0.01442,-0.000312,-0.014323,-0.017099,0.024124,0.007336,0.000343,-0.012379,0.015983,0.00334,-0.01711,-0.007038,0.002844,-0.013297
2024-07-11,-0.007392,-0.00818,-0.016619,-0.001702,0.002821,-0.011154,-0.001828,-0.003103,0.000323,0.014962,0.004034,0.00379,0.006472,0.003243,0.003232,0.012221,-0.019363,-0.006677,0.006935,-0.001433,-0.018124,0.015886,-0.011435,-0.018125
2024-07-12,-0.002093,-8e-06,-0.001182,-0.001453,0.000569,0.004782,-0.003431,0.013358,-0.005991,0.01134,-0.005492,0.019473,-0.014965,-0.003041,0.003405,-0.014463,0.007133,0.020468,-0.013693,-0.00296,0.007816,0.003652,0.006762,0.005825
2024-07-15,0.007821,-0.002278,0.008095,-0.006507,0.010256,-0.003193,0.012487,0.01043,-0.001602,-0.005619,0.007995,0.012487,0.013045,-0.017994,-0.026929,-0.001408,0.00491,-0.001473,0.007223,0.004811,-0.008191,0.004189,-0.003934,-0.00868
2024-07-16,-0.01987,0.013306,0.012543,-0.004191,-0.001351,0.006357,-0.027573,-0.006595,0.003749,0.010024,-0.009729,0.01288,-0.024928,-0.001606,-0.005823,-0.012552,0.00545,0.008889,-0.003198,-0.014793,0.006922,0.005283,0.001978,-0.014991
2024-07-17,-0.019638,-0.00949,0.016029,0.014001,-0.008346,-0.012182,0.006509,-0.009572,0.012079,0.020387,0.007616,-0.001059,5.9e-05,-0.014486,-0.000741,0.008362,-0.000866,0.028923,-0.010937,-0.035657,0.003907,0.005472,-0.003425,0.028428
2024-07-18,-0.014224,0.012331,0.010962,-0.02316,-0.011433,-0.014573,-0.005228,0.008606,-0.000198,-0.006125,-0.004964,0.012314,0.017012,-0.015074,-0.018922,-0.001229,-0.006981,-0.012644,0.002797,0.01993,-0.014538,-0.00597,-0.008218,0.00781
2024-07-19,-0.001459,-0.010036,-0.033722,-0.007197,0.01508,-0.005419,-0.01046,0.001223,-0.000895,0.008183,0.001485,0.000807,-0.007869,-0.009198,0.0111,0.008784,0.003497,0.002177,0.007599,0.004389,0.009367,-0.015646,-0.007504,0.008236
2024-07-22,-0.004153,-0.007084,-0.005578,0.002458,0.009267,0.005268,0.013047,0.002432,0.000558,0.010102,0.009467,-0.005029,0.002284,-0.000844,0.01248,0.011326,-0.011678,0.001995,0.000567,0.018818,-0.013295,-0.008726,-0.00731,-0.016496
2024-07-23,0.009182,0.00302,-0.006913,0.003757,-0.00595,-0.013643,0.017082,-0.009569,-0.013025,0.010393,0.004274,-0.000107,-0.007566,0.011966,-0.014581,-0.007743,0.003305,-0.003864,0.008467,-0.006615,0.015079,-0.005131,-0.003583,-0.013877
2024-07-24,-0.016316,-0.013963,-0.003791,1.4e-05,0.006,0.009842,-0.003334,0.003177,0.001404,-0.007173,-0.004854,-0.005538,8e-05,0.005319,0.004486,-0.01243,-0.004162,-0.012841,0.00883,-0.016841,0.008356,0.002641,0.007898,0.027551
2024-07-25,-0.003346,0.003639,-0.007189,0.01138,-0.010143,-0.007061,-0.009575,-0.006008,-0.005856,-0.01469,0.000699,0.018474,0.011156,-0.002582,0.010008,-0.012327,0.012279,0.00617,0.006523,-0.012895,0.01816,0.021034,-0.004707,0.006512
2024-07-26,0.022274,0.001318,0.007148,0.00737,-0.017238,0.006528,0.004986,-0.002163,0.004446,0.004759,-0.002376,-0.010288,0.005925,0.006199,4.5e-05,0.00363,-0.000155,-0.011456,-0.004661,0.005853,0.005508,0.008664,-0.011016,-0.002434
2024-07-29,-0.010254,-0.009788,-0.000882,0.029076,0.001122,-0.007429,-0.009448,-0.007966,-0.000803,-0.000137,-0.020292,0.004027,-0.005485,-0.024831,-0.005527,0.008019,-0.005595,-0.004347,-0.01146,-0.002399,-0.029507,0.012098,0.009004,0.014859
2024-07-30,0.00368,-0.004581,0.001953,-0.009455,-0.004552,-0.003067,-0.015574,-0.014506,0.006066,0.009001,0.003388,0.009552,-0.002887,-0.001607,0.017311,0.003015,0.016201,-0.018427,0.002242,0.000631,-0.018744,-0.012438,-0.006701,0.007418
2024-07-31,0.012608,-0.01025,-0.013272,-0.007922,0.002646,0.000973,-0.006737,0.002063,-0.005511,-0.009611,0.004155,0.006487,0.003989,-0.011045,0.002757,0.002317,-0.01874,-0.003872,-0.016553,0.012849,-0.00685,-0.00996,-0.010701,-0.002569
2024-08-01,0.008298,0.011816,0.016113,-0.00203,0.016785,-0.000303,0.007481,-0.013051,0.01983,-0.022872,0.000444,0.003125,0.004174,-0.009908,0.011794,-0.00279,-0.015826,0.011857,0.031256,0.015915,-0.005282,0.004969,0.008316,0.013874
2024-08-02,-0.002726,-0.013975,-0.013751,0.000967,-0.007849,-0.00633,0.007585,0.022276,0.001849,0.016732,-0.026977,-0.004681,-0.01327,0.001802,-0.002344,-0.002879,0.009477,-0.013298,-0.004673,-0.021847,0.010226,-0.002668,0.003998,0.006028
2024-08-05,0.001932,-0.002029,0.015856,-0.002089,0.006678,-0.007904,-0.011526,0.003333,0.014185,-0.002463,-0.009602,-0.001046,-0.005634,-0.016297,0.005775,-0.007761,0.016335,0.001114,-0.013841,0.00966,0.008817,-0.014237,0.00747,-0.009025
2024-08-06,0.002997,0.005466,0.00232,-0.013365,-0.00803,0.001282,-0.009451,-0.016915,-0.00289,0.000619,0.00779,-0.038619,0.023039,0.021761,-0.007421,0.005684,0.007154,-0.012057,0.013497,-0.010664,0.016645,-0.000753,0.011196,-0.001112
2024-08-07,0.007188,0.013038,-0.005649,-0.007446,0.005501,0.008657,0.016526,0.007352,-0.00414,0.007831,0.00449,-0.000946,0.000985,0.001455,-0.00761,-0.035796,0.003783,-0.005669,0.013701,0.006339,0.020398,0.002852,0.007784,-0.011694
2024-08-08,0.002082,0.012041,0.01066,0.004313,0.007001,-0.00403,-0.006196,0.001382,-0.009931,-0.003009,-0.013431,-0.002508,-0.009575,-0.004557,0.011656,-0.011118,-0.025784,-0.007298,0.007588,-0.020838,0.007814,-0.005037,-0.008126,-0.021746
2024-08-09,-0.016271,-0.011816,0.001065,-0.025509,0.004108,-0.021376,0.024532,-0.017467,-0.006681,-0.005216,-0.003212,-0.002605,0.012697,-0.019561,0.024784,0.003934,0.011596,0.00926,-0.016897,-0.013185,0.003386,-0.00167,0.007737,0.026284
2024-08-12,0.008603,0.006695,-0.003575,0.016982,-0.001036,-0.000656,0.012719,0.016898,-0.011744,-0.013736,0.014652,-0.01368,-0.008542,0.000537,-0.000517,-0.002732,0.00739,0.024222,-0.015304,0.007524,0.011513,0.030613,0.01986,0.010746
2024-08-13,0.014981,-0.002546,0.010358,-0.008413,-0.006891,-0.00245,0.00084,0.003311,0.005514,-0.004728,-0.008274,0.007895,-0.000751,0.005318,-0.003724,0.028952,-0.002636,0.009002,-0.014522,-0.002046,-0.005562,0.007376,-0.00621,0.001586
2024-08-14,0.006163,-0.00699,0.00671,-0.014529,0.000245,0.007054,0.005335,-0.000589,0.006939,0.011357,-0.034652,0.001026,-0.000635,0.032595,0.007213,-0.006768,0.003798,-0.000755,-0.007483,0.006098,-0.000275,-0.005281,-0.011834,-0.011424
2024-08-15,-0.005791,-0.004518,-0.000181,-0.00049,0.001737,-0.002982,0.002824,-0.003251,-0.003916,-0.003844,0.019193,-0.00291,0.017285,-0.011002,-0.01104,-0.019094,-0.006079,0.00064,0.000866,-0.012063,0.008151,0.016218,-0.004578,0.003637
2024-08-16,0.006376,0.011456,0.015175,0.008853,0.01221,0.004759,-0.009027,0.010186,-0.001539,-0.006795,-0.00527,-0.013596,0.000183,-0.02303,-0.009192,-0.004378,-0.017566,0.002235,0.008548,0.007884,0.003653,-0.007174,0.000379,0.02442
2024-08-19,0.00639,-0.009485,0.00679,0.010987,-0.011407,0.00034,0.004075,0.001331,0.017217,-0.011722,-0.008823,0.00703,-0.008281,-0.006846,0.014892,0.015239,0.006339,0.003712,0.005276,-0.013986,-0.00964,0.003387,-0.011694,0.005437
2024-08-20,0.008607,-0.002294,0.005206,0.016744,-0.001314,-0.023033,-0.00279,0.002958,-0.003824,0.011529,-0.007521,-0.007678,-0.006848,0.004804,0.01191,-0.022547,0.010341,0.007349,-0.001255,0.008917,0.008586,0.011362,0.001318,-0.008414
2024-08-21,0.018598,0.008471,-0.003487,-0.006078,-0.012097,-0.001766,0.006864,-0.002124,0.010827,0.001328,0.018724,-0.000556,-0.0146,-0.032518,-0.006301,-0.005951,0.000543,-0.0136,-0.002344,-0.028011,-0.006403,0.010231,0.005384,-0.007828
2024-08-22,0.004585,-0.006294,0.015802,0.00244,0.005129,-0.004042,0.015246,0.019424,-0.027377,-0.005571,0.007211,-0.000958,0.000527,-0.007119,-0.02055,0.006573,0.005174,-0.019198,0.000115,-0.021251,-2.5e-05,0.009925,-0.003601,-0.005171
2024-08-23,-0.021285,0.002896,0.013359,0.007883,0.003066,-0.01322,0.011421,0.004785,0.000526,0.006829,0.003534,-0.013176,0.00305,-0.002404,0.012679,-0.014006,0.008844,0.007949,-0.006029,-0.002172,-0.015089,-0.003357,-0.00543,-0.009634
2024-08-26,-0.006721,0.014776,0.001442,0.005566,0.003512,0.005313,-0.015984,-0.005541,-0.020933,-0.012659,0.000115,-0.002556,0.003156,-0.005484,0.025548,0.000634,-0.009091,0.00108,0.011842,-0.00669,-0.00589,0.006298,-0.017103,-0.008395
2024-08-27,0.009046,0.010915,0.018374,0.002956,0.026186,-0.000429,0.010618,-0.017236,-0.002786,-0.001433,0.000213,0.00242,0.010803,-0.000924,0.010091,0.008674,-0.018519,-0.002647,0.012647,0.015729,0.000576,-0.010531,-0.00011,0.006015
2024-08-28,0.014897,-0.011985,-0.007766,-0.002537,0.002929,0.008187,0.006533,-0.010448,-0.002916,-0.010719,0.013853,-0.010543,-0.009501,0.003542,0.002864,-0.003586,-0.000164,0.009777,-0.007015,0.003951,-0.007071,0.013228,0.018305,0.013335
2024-08-29,-0.009717,0.004092,0.004765,0.00559,-0.01386,-0.003346,-0.013646,-0.013763,0.01051,-0.00255,-0.003047,0.004764,-0.022071,-0.005031,-0.00852,-0.002078,0.00555,0.006797,0.008792,-0.013298,0.009995,-0.013347,0.009754,0.000152
2024-08-30,-0.005511,-0.002412,0.001838,-0.003612,-0.003003,-0.009755,0.016517,-0.010397,0.001215,0.004829,-0.006489,-0.010833,0.00155,-0.003644,0.0212,-0.007337,-0.002339,-0.021468,-0.010184,0.009162,-0.019833,-0.00628,0.019726,0.01376
2024-09-02,0.010852,-0.01408,0.022265,0.001553,0.004139,-0.002575,-0.004369,0.013406,0.005005,0.012783,-0.007585,0.00834,0.015329,-0.008088,0.001538,-0.009094,-0.025604,-0.000203,-0.018926,-0.013652,-0.006816,0.020938,-0.019235,-0.000519
2024-09-03,0.005898,0.001017,0.007524,0.007748,-0.02306,0.000425,0.001966,-0.022458,-0.002566,-0.006751,-0.004516,0.003455,-0.012488,0.006513,-0.001665,0.015917,-0.001397,-0.014463,-0.002393,0.001102,0.002086,0.003633,-0.002477,0.010074
2024-09-04,-0.005574,0.008453,-0.006645,-0.006233,-0.010892,0.007485,0.008627,0.015338,-0.007232,-0.008709,0.010235,0.007157,0.006526,0.012611,-0.012187,-0.011286,0.007095,0.010334,-0.000331,-0.003519,0.014198,0.001574,-0.008945,-0.007609
2024-09-05,-0.010714,0.005866,0.006273,0.005832,0.010558,0.002616,0.017082,0.009011,-0.010143,0.003439,-0.005454,0.004036,0.003243,-0.010261,0.005516,-0.009385,0.016309,0.006591,0.018824,0.000865,-0.00013,0.012689,0.011618,0.02093
2024-09-06,0.007749,-0.007657,0.008177,0.01258,-0.018939,-0.001962,-0.012533,-0.013738,0.00065,0.016694,0.004554,0.010985,-0.005632,-0.001537,-0.003811,0.001183,0.009438,0.022179,-0.002051,0.001043,-0.00615,0.003363,-0.002539,0.014357
2024-09-09,0.018434,0.029196,0.009432,0.020872,0.006141,0.004038,-0.018338,0.011033,-0.005072,0.005758,-0.008208,0.008691,-0.003806,-0.005158,0.000527,0.004902,-0.014214,-0.00992,0.021842,-0.004844,-0.01336,-0.010229,-0.004746,0.015219
2024-09-10,0.019837,-0.018304,0.002992,-0.012327,-0.007148,0.006893,0.007197,-0.003972,-0.029455,0.016069,-0.001598,-0.005882,0.005468,0.001725,-0.004922,0.00377,-0.013311,0.000343,-0.002656,0.006587,0.00838,0.005137,0.005736,0.000733
2024-09-11,-0.004437,-0.011677,-0.009677,0.010908,-0.011511,0.019609,-0.002147,0.002346,0.014242,-0.00164,0.015493,0.008811,0.011791,-0.014216,-0.008712,-0.005867,-0.008285,-0.007189,0.002716,0.014011,-0.00233,6e-05,-0.001911,-0.026277
2024-09-12,0.01328,0.007573,-0.006775,-0.00923,0.004549,-0.016296,-0.001999,-0.016254,-0.002269,0.00807,0.000513,0.00078,-0.009666,0.004799,-0.014847,0.013145,0.00863,-0.001681,-0.011268,0.002785,0.010461,-0.021567,-0.005174,-0.002871
2024-09-13,0.001039,0.028087,0.016212,-0.00188,0.015944,-0.006817,0.000544,0.003881,-0.012901,-0.020447,-0.002715,-0.009008,0.011778,-0.00458,-0.020284,-0.003731,-0.00781,0.000354,0.005172,-0.002776,0.000456,0.000677,-0.011127,0.003456
2024-09-16,-0.016935,-0.009083,-0.001934,-0.01273,-0.013272,0.018844,0.009304,-0.010705,0.018297,0.004982,-0.009443,0.009725,-0.001785,0.004762,-0.002009,0.021085,0.010369,-0.01094,0.003022,0.017662,0.011539,-0.00565,-0.00017,0.002849
2024-09-17,-0.000449,0.010823,-0.023257,0.004002,-0.006988,-0.002901,-0.011666,-0.006426,0.013575,0.019756,0.018543,0.000705,0.006177,0.012325,0.005636,-0.002123,0.005116,-0.003819,0.024706,-0.003236,0.012427,-0.006387,0.008165,-0.0146
2024-09-18,0.008531,-0.002459,-0.007508,-0.012183,0.003005,-0.00721,-0.011366,-0.003775,0.007173,-0.002364,-0.008217,0.001152,0.000771,0.003827,-0.011618,-0.004531,-0.016808,-0.001637,0.001507,-0.005701,-0.004039,0.018309,-0.011193,0.002416
2024-09-19,0.003851,-0.021806,0.010657,0.002397,-0.015799,-0.015855,-0.012612,-0.014972,0.005626,0.006365,-0.005514,-0.00743,-0.010965,-0.00382,0.007504,0.005745,0.016374,0.003719,-0.016054,0.015423,0.007328,-0.005525,-0.009358,0.007658
2024-09-20,0.017442,-0.002136,-0.006858,-0.002041,0.015293,0.003489,0.003697,0.01626,0.006368,-0.008749,0.013786,-0.000586,-0.007937,0.016837,-0.00715,0.00231,0.001217,0.005793,0.009419,-0.01512,-0.009877,-0.003014,-0.012849,0.006034
2024-09-23,0.014781,-0.012012,0.00464,0.011699,0.020864,-0.001708,0.004954,0.00518,-0.013506,0.010671,-0.012573,-0.020546,-0.00577,-0.006294,0.001567,0.006833,-0.021015,0.011342,-0.000796,-0.003995,-0.003421,-0.010604,-0.001147,0.015474
2024-09-24,-0.009298,-0.009596,-0.011588,0.020828,0.003774,-0.015094,0.015252,-0.002987,-0.023316,0.017651,-0.000861,-0.000344,-0.007774,-0.006839,0.009151,-0.010971,0.018556,0.001653,-0.00425,0.003159,0.002068,0.009964,0.00227,0.015074
2024-09-25,-0.004953,0.009425,0.011974,0.011014,0.01048,-0.007152,-0.00873,-0.007489,-0.014841,0.002618,-0.00018,0.019474,0.010318,-0.005024,-0.008878,-0.024108,0.00526,-0.006742,-0.001888,-0.014003,0.003594,-0.003105,0.014004,0.01641
2024-09-26,0.010938,-0.002236,-0.024046,0.022991,-0.007425,0.024206,-0.017092,0.002687,0.008944,0.012509,-0.005109,0.005876,-0.005489,-0.009979,0.017435,0.00653,-0.002554,0.003539,-0.015788,-0.003265,-0.012151,0.016748,-0.002653,0.027301
2024-09-27,-0.004426,0.001439,0.011704,0.003003,7e-06,-0.007186,-0.013916,-0.00471,-0.013347,0.013084,-0.011545,-0.00422,0.007523,-0.009714,-0.012679,0.006475,-0.016644,-0.036661,0.017613,-0.015483,-0.002164,-0.004863,0.011497,0.013359
2024-09-30,-0.013301,0.006598,-0.000535,-0.010284,0.009919,0.01243,-0.017483,0.001298,-0.003777,-0.00142,-0.010845,0.01602,-0.009839,0.011266,-0.006565,0.00572,-0.006442,0.007208,0.022323,0.004204,0.00859,-0.004075,0.013985,0.003194
2024-10-01,-0.008212,-0.010079,0.006026,0.006605,-0.013333,0.000859,0.00252,0.000588,-0.002469,0.008432,0.015516,0.018456,-0.013734,0.00778,0.002403,0.001342,-0.011939,-0.009373,0.022675,-0.007448,0.028594,-0.027479,-0.004397,0.008358
2024-10-02,0.004,-0.011221,0.008195,0.007428,0.001588,-0.002826,-0.003038,-0.00516,-0.00234,-0.006545,-0.005978,-0.010356,0.005616,-0.008072,0.01193,-0.002914,0.000342,0.022727,0.009617,0.022584,0.01794,-0.011574,-0.006657,-0.005711
2024-10-03,0.004678,-0.005686,0.000147,-0.003545,0.009646,-0.012748,-0.023421,-0.003437,0.001162,-0.00244,0.030986,0.00648,0.0088,0.020416,-0.024043,0.000891,0.003386,0.005701,-0.023302,-0.014899,-0.003711,0.010958,0.01325,-0.012231
2024-10-04,-0.007763,-0.015618,-0.0072,-0.008491,0.009854,-0.001262,-0.010013,0.013783,-0.007092,-0.003068,-0.018205,-0.005865,-0.006308,-0.002764,-0.009141,0.002356,0.000473,-0.004642,-0.003315,0.008036,-0.001294,-0.010545,-0.022161,-0.006969
2024-10-07,0.018232,-0.018581,0.010837,0.004065,0.022509,0.005366,-0.008691,-0.018587,-0.007936,-0.018247,0.008961,-0.003548,0.016501,-0.005167,0.009577,-0.007768,-0.009926,-0.008292,0.003435,0.011724,0.00471,-0.000812,-0.007918,0.013398
2024-10-08,0.012003,0.005599,-0.010591,0.015627,-0.001334,0.001211,0.006257,0.009936,-0.010801,0.004613,-0.005726,-0.004638,0.005851,0.007348,-0.000409,-0.004163,-0.00277,-0.012865,-0.021952,-0.013224,-0.022153,0.002027,-0.010603,0.011741
2024-10-09,-0.025079,-0.005831,-0.003385,-0.010671,-0.000499,0.008875,-0.005147,-0.023079,-0.024794,0.01578,0.016873,-0.007677,-0.005531,0.014632,0.004348,-0.019878,0.015057,0.009089,0.006903,-0.007139,0.010808,0.010281,0.006743,0.010651
2024-10-10,0.001234,0.006769,0.005258,0.013942,-0.009682,0.001684,-0.017665,-0.007422,0.009387,0.012041,-0.002965,0.004185,-0.006828,-0.002776,-0.009273,0.004415,-0.002386,-0.008711,-0.012202,0.010009,0.003102,0.008189,-0.016489,-0.00384
2024-10-11,-0.006725,0.014219,-0.006834,0.025873,-0.011911,-0.004325,0.004373,-0.000634,-0.011299,0.022533,-0.010163,0.012825,0.000343,-0.004677,-0.019316,0.003289,0.0013,-0.007236,0.002553,0.015493,0.003481,0.007721,0.01369,-0.007807
2024-10-14,-0.005804,0.009047,0.010615,0.000949,-0.001695,-0.000568,0.016768,0.000958,0.000148,-0.015139,7.6e-05,-0.001337,-0.01971,0.00562,-0.012205,0.012371,0.007295,-0.001844,-0.002488,0.014632,-0.006855,-0.001652,0.01637,-0.015595
2024-10-15,-0.006368,-0.021125,0.000723,-0.004616,0.014332,-0.006029,-0.013733,0.001371,-0.007143,-0.009761,-0.012714,0.01279,0.017058,0.001983,0.007581,0.022629,0.015216,-0.013031,-0.002477,0.031773,-0.003935,-0.026033,-0.005097,-0.010205
2024-10-16,0.008832,-0.003555,0.007762,0.00219,-0.016518,-0.01025,0.001621,-0.007369,-0.01009,-0.010101,0.00784,0.012326,-0.00074,-0.012884,-0.011022,0.013358,0.002912,-0.011794,0.00342,-0.002112,0.009194,0.004957,0.012171,-0.001553
2024-10-17,0.004441,0.006847,-0.025562,-0.014397,0.001489,0.000307,-0.021087,0.001311,-0.007189,-0.024838,-0.006069,-0.002024,-0.018619,-0.01384,-0.016306,0.006323,0.016481,0.00078,-0.004061,-0.003825,0.007845,0.012965,0.005464,0.008534
2024-10-18,0.016804,0.010461,0.008818,0.009828,0.000986,-0.001422,-0.005603,-0.006373,-0.007087,0.001211,-0.009698,0.005573,0.017531,-0.007006,-0.020444,-0.009436,-0.008734,0.006078,0.021105,0.009532,-0.004257,0.003224,-0.008059,0.000961
2024-10-21,-0.016432,-0.003007,0.014841,-0.018172,-0.016722,-0.019587,0.005949,-0.018846,0.012362,0.02292,0.018329,0.021855,-0.008688,0.014892,0.009236,-0.008006,0.01411,-0.004093,-0.015383,0.004164,-0.007861,0.008523,0.023438,0.002692
2024-10-22,-0.01643,0.007154,-0.000739,-0.010569,-0.006551,0.022679,-0.017248,0.002768,0.019695,0.007166,-0.00862,-0.002674,-0.003441,0.007586,0.009727,0.00897,0.007091,-0.003938,-0.010417,0.002765,-0.00627,0.009884,0.02609,0.003572
2024-10-23,-0.00089,0.002039,0.011253,0.005904,0.007235,0.003515,0.004945,0.006164,0.007632,-0.003515,0.00833,0.020484,-0.005467,-0.007355,-0.022377,0.004666,0.00017,-0.003614,-0.018967,0.00757,-0.016716,-0.007299,-0.003817,0.01233
2024-10-24,0.000378,0.004427,-0.008981,0.008861,-0.001124,-0.003505,0.00113,0.005635,-0.005041,0.006479,-0.012129,0.013035,0.002761,-0.001539,-0.001647,0.013884,0.005733,0.002982,-0.020665,0.019635,-0.004775,0.007061,0.013315,0.012088
2024-10-25,-0.00607,-0.002426,0.000403,-0.007419,0.00058,-0.010031,0.006475,-0.004975,0.017744,-0.012694,-0.001669,0.001509,-0.006251,-0.006729,-0.00111,0.017142,-0.009463,0.027847,-0.003039,-0.000949,-0.007239,0.003614,-0.001748,0.014131
2024-10-28,-0.011369,-0.001823,-0.001493,-0.006259,-0.00162,-0.007386,-0.000574,-0.020974,-0.011139,-0.011591,-0.018654,0.009518,-0.019766,-0.001056,0.00758,0.029418,0.008136,-0.015796,0.010985,0.001904,-0.008222,0.00143,-0.003528,0.009732
2024-10-29,0.011892,-0.010116,0.036118,0.009229,-0.001555,-0.009211,-0.015811,0.015192,0.006805,-0.013032,0.018832,0.008859,-0.023045,-0.006694,-0.00199,0.013518,-0.003184,-0.007987,0.003827,0.009811,-0.004669,-0.003148,-0.003102,0.006227
2024-10-30,0.015247,0.016386,0.018055,-0.005627,0.00688,0.004381,0.003523,-0.013143,0.012343,-0.005691,-0.002962,0.002194,-0.017575,0.000888,-0.016829,0.007527,0.005979,0.005899,-0.004303,0.006804,-0.004091,0.013447,0.004591,-0.012636
2024-10-31,-0.00919,-0.006671,-0.030017,0.007042,-0.015822,0.001358,0.016538,-0.026359,0.006922,-0.014997,0.003834,-0.003421,-0.002288,-0.002064,-0.011369,-0.011977,0.006271,0.000772,0.01247,0.010264,0.003583,-0.009132,-0.004526,0.012991
2024-11-01,0.031502,-0.011444,0.000636,0.01634,0.005032,-0.012811,0.002645,0.005374,0.004301,0.008131,0.001323,0.006744,0.003835,0.026965,-0.001253,-0.001478,-0.022085,0.016365,0.016997,0.009661,0.000983,-0.003284,0.001918,-0.013664
2024-11-04,-0.006878,-0.03063,0.024309,-0.005771,0.028029,0.000153,-0.000378,-0.009581,0.000535,-0.003886,0.012782,0.009029,0.01808,0.006675,-0.012094,0.024906,0.004778,0.017806,0.006339,0.002725,0.013272,0.017398,0.01239,0.009292
2024-11-05,0.018985,-0.004056,0.011699,0.010034,0.022565,0.010533,0.012526,-0.012702,-0.00095,0.016874,0.02411,-0.004698,-0.006108,0.006043,0.000438,-0.005352,0.015752,0.00948,-0.001951,-0.006489,0.002905,0.001593,-0.021632,0.006343
2024-11-06,-0.024602,-0.008864,-0.007664,0.008577,0.013022,0.004653,-0.000696,-0.012694,-0.007771,0.009124,-0.001143,0.004329,0.002615,-0.005963,0.010162,0.006675,0.002363,0.021175,0.003719,-0.004108,-0.002317,-0.005167,-0.020666,-0.002642
2024-11-07,0.0037,0.002434,-0.009222,-0.011167,-0.004705,0.008343,0.000647,0.010316,-0.012733,0.006028,-0.025124,-0.005242,0.001963,-0.011906,-0.005473,0.002867,0.024995,4e-05,0.017095,6.2e-05,-0.010662,-0.005152,-0.000873,-0.006016
2024-11-08,-0.000833,0.005369,0.007419,-0.001735,0.00643,-0.010187,0.012971,-0.001268,0.005823,-0.015274,0.009595,-0.00432,-0.012534,0.020257,-0.016234,-0.023156,0.008705,0.003464,-0.010254,-0.012361,-0.01048,0.002035,-0.009377,0.006857
2024-11-11,0.002894,0.012007,-0.004806,0.00829,-0.010617,0.000505,-0.007806,-0.009159,0.011972,-0.006566,-0.00964,-0.010519,-0.015045,0.005833,0.003632,-0.020621,-0.002392,-0.012931,-0.01032,0.000525,0.01271,0.019082,-0.011406,-0.007042
2024-11-12,0.017505,0.00355,-0.007522,0.019793,0.019429,-0.012938,-0.011438,0.000643,-0.02046,-0.00308,0.003797,0.015566,-0.007344,0.000501,0.00374,-0.013148,0.013309,0.000758,-0.003313,-0.001429,-0.008663,-0.000283,-0.007227,0.015312
2024-11-13,-0.010435,-0.023412,0.003214,-0.014005,-0.007265,0.018132,-0.012406,-0.000573,0.001809,-0.016142,-0.011,-0.00255,-0.004221,0.003309,0.003863,0.010413,0.000986,-0.019089,-0.012469,-0.00174,-0.005194,-0.002245,0.009078,0.002393
2024-11-14,-0.007661,0.007967,-0.011006,0.009173,-0.010369,-0.004313,0.016891,0.001947,-0.033088,-0.010531,0.003392,-0.004105,-0.012899,-0.00653,0.00302,0.015251,0.003984,-0.001962,0.003272,0.007157,0.00791,0.005429,0.003681,0.022688
2024-11-15,-0.000432,0.021715,0.011461,-0.001262,-0.018441,-0.001248,-0.005585,0.000373,0.000566,-0.008218,-0.010038,-0.007219,0.012555,0.009367,0.015344,0.002061,0.022928,0.010283,0.004972,0.025307,-0.006417,0.003284,-0.010171,-0.003097
2024-11-18,-0.009359,-0.006922,0.002137,-0.005593,0.010547,0.002229,0.004036,0.00366,-0.008087,0.016384,-0.003089,-0.005069,-0.026577,-0.009377,-0.003335,-0.015519,-0.006557,-0.006403,0.001892,-0.001149,0.013817,-0.012988,0.004493,-0.001744
2024-11-19,0.014939,-0.011191,-0.007492,0.030169,0.004351,0.002419,-0.018055,0.006838,0.000132,-0.016327,0.01725,-0.001757,-0.007172,0.029734,0.010504,-0.002386,-0.005508,-0.009286,-0.007444,0.018964,-0.005867,-0.001234,0.002799,0.021029
2024-11-20,-0.008373,-0.001778,0.011443,-0.005393,0.002594,-0.01683,-0.001715,-0.005238,-0.011098,0.012975,-0.004918,0.012326,-0.017437,-0.003278,-0.01396,-0.004088,-4.2e-05,-0.00437,-0.005262,0.021115,0.015036,0.013844,-0.009305,-0.006545
2024-11-21,0.022269,0.012633,0.001965,0.000812,-0.017132,0.027252,-0.022141,0.008729,0.00396,-0.011119,-0.008556,-0.00238,-0.002887,-0.002461,0.00511,-0.009812,0.00418,0.003358,0.014975,0.003252,-0.004218,0.010993,-0.002233,0.001578
2024-11-22,-0.00241,-0.027352,0.002452,-0.018209,-0.000853,0.006108,0.018884,-0.001987,-0.015069,0.009719,-0.011461,-0.019834,0.009691,-0.020114,-0.011949,0.005619,0.016595,0.001341,-0.015879,0.00225,-0.002054,0.003646,0.008695,-0.001122
2024-11-25,-0.006088,-0.012899,0.009246,-0.004873,0.012336,0.002286,0.008884,-0.001932,0.016138,0.000172,-0.000838,-0.018026,-0.014528,-0.001528,-0.011667,-0.004786,0.018059,0.005266,-0.008366,0.020617,-0.009359,-0.015644,0.019593,-0.008612
2024-11-26,0.022631,0.01099,0.007969,0.005705,0.00264,-0.010114,0.002306,-0.006824,-0.006283,-0.006011,0.003114,-0.00168,0.006208,-0.003675,0.004385,0.013893,-0.004889,-0.001448,0.004875,-0.013673,-0.009952,0.009838,-0.022829,0.002466
2024-11-27,0.00503,0.000618,-0.015042,-0.012623,0.013098,-0.007201,-0.006881,0.008379,-0.008488,0.005886,0.002698,0.000627,0.019605,-0.005339,-0.010071,0.011183,-0.003964,-0.010361,0.001599,-4.6e-05,0.003546,-0.008081,-0.009016,-0.00547
2024-11-28,0.008033,0.005266,0.003173,-0.002853,0.00711,0.01767,-1.7e-05,-0.007984,-0.000849,0.024274,-0.010245,0.005715,0.002535,0.022428,-0.003052,0.01061,-0.003919,0.022173,-0.003438,0.031926,-0.000911,-0.018648,-0.01075,-0.021971
2024-11-29,0.001601,-0.025852,0.006034,0.014916,-0.005965,0.010703,-0.002221,-0.00123,0.00888,-0.001745,0.002562,3e-06,-0.001332,0.001863,0.003347,-0.01082,-0.015213,0.006033,0.002662,-0.009293,0.002225,-0.002994,-0.004836,-0.014573
2024-12-02,0.016242,-0.009922,-0.002877,-0.010348,-0.002244,-0.006561,-0.001712,-0.006477,0.017749,0.014151,-0.009415,-0.010882,0.002765,-0.007917,0.003927,-0.001108,-0.023076,0.006814,0.009792,0.009185,0.000148,-0.01359,-0.003151,0.013084
2024-12-03,0.003067,-0.020408,0.002379,0.005157,0.000408,0.012647,0.004517,0.004261,-0.001201,-0.025684,-0.004327,0.002305,0.000952,-0.012002,-0.012759,0.009529,-0.003987,0.008709,0.000622,-0.008428,-0.006219,0.010848,-0.000891,-0.001237
2024-12-04,0.000218,-0.004355,0.005157,0.011045,-0.000124,-0.009191,-0.012124,0.006306,-0.00268,0.003673,-0.012022,-0.003457,0.014647,0.010406,0.000296,-0.000522,0.023247,-0.013635,0.002362,-0.012335,-0.016791,-0.000493,0.013207,0.010705
2024-12-05,0.010433,0.001849,-0.007366,-0.005334,0.021012,0.000532,-0.010105,-0.009934,0.03181,0.0094,0.00507,-0.018254,0.007124,0.017523,0.009266,0.005484,0.005301,-0.011857,-0.000502,0.007831,0.002943,0.007199,0.008332,-0.012045
2024-12-06,-0.009128,0.007885,0.005654,-0.002569,0.001737,0.012365,-0.01067,-0.00996,0.003435,0.001225,-0.009787,0.008463,-0.007775,-0.008732,-0.003472,-0.007906,-0.000201,0.010148,-0.011625,-0.025397,0.007277,-0.011021,0.005339,-0.002906
2024-12-09,-0.014024,-0.014854,0.005519,0.016104,0.008533,0.00418,0.026966,0.001798,-0.001044,0.014197,0.005223,-0.017984,0.000941,-0.008838,0.012486,0.000122,0.003119,0.000566,0.010405,-0.001834,0.0076,0.016125,-0.009968,0.023663
2024-12-10,-0.009483,0.011228,0.000567,-0.00821,0.016196,-0.006276,0.005531,-0.000611,-0.006771,0.001654,-0.007026,-0.003707,0.018939,0.016452,0.008689,-0.009233,-0.002571,-0.011365,-0.004438,0.012966,0.0103,0.00398,-0.009199,0.001412
2024-12-11,-0.008023,-0.003262,0.002365,0.01794,0.027793,-0.006692,-0.007698,0.016348,-0.011995,-0.000291,-0.00596,0.008179,0.004295,0.001185,0.000776,-0.003336,0.004109,-0.003293,0.013209,-0.000302,-0.006379,0.002383,0.001801,0.000812
2024-12-12,0.010531,0.010995,0.011887,-0.013183,0.005638,0.000845,0.010178,0.004163,-0.005064,-0.007711,-0.00664,0.005209,0.008631,-0.005216,-0.001754,-0.011728,-0.023181,0.001064,0.011805,-0.008459,-0.004671,-0.038716,-0.01258,0.007736
2024-12-13,0.004331,0.03207,0.015075,0.004632,0.016052,0.006435,-0.008373,-0.01173,-0.013698,0.029206,0.006454,-0.028213,0.02384,0.007246,-0.006042,-0.003087,0.000726,-0.015111,-0.003291,0.00426,-0.009481,0.005672,-0.00484,-0.00252
2024-12-16,0.004728,0.003687,-0.01173,-0.011873,0.005659,-0.007973,-0.011508,-0.010799,-0.008096,0.015534,-0.008556,0.002799,-0.010426,-0.006693,0.007054,-0.015866,0.001447,-0.009734,-0.021081,0.001245,-0.008809,0.025569,-0.017927,-0.013808
2024-12-17,-0.017811,-0.009674,-0.023472,0.00029,0.001616,0.021952,-0.002634,0.014784,0.011033,-0.004848,0.024994,0.005247,0.00388,-0.000251,-0.009767,0.005587,-0.010405,0.008055,0.011515,-0.001646,3.2e-05,0.014027,-0.015494,0.026287
2024-12-18,0.002879,0.005984,0.001106,0.002208,0.00679,-0.005815,-0.004478,0.013918,0.004223,-0.011717,-0.004836,0.003808,-0.015772,-0.003156,0.002531,-0.002373,0.008168,-5e-05,0.005141,-0.01257,0.004359,-0.010336,-0.022087,0.001326
2024-12-19,0.00262,0.001388,-0.010833,-0.00186,-0.015344,-0.029742,0.014872,0.012242,0.019049,-0.011226,0.004628,-0.008846,0.003559,-0.000731,-0.019028,0.019415,-0.025893,0.010162,0.004042,0.026056,-0.005889,0.009231,0.001041,0.013772
2024-12-20,-0.008949,0.022012,-0.014233,0.001915,0.013148,-0.006129,-0.010292,-0.00591,-0.001296,-0.015696,7.9e-05,0.009278,0.014303,0.001404,0.000469,0.010129,-0.00147,0.013822,-0.008174,0.00226,-0.002956,0.005496,-0.015608,-0.012967
2024-12-23,0.001859,-0.007524,0.008902,-0.015946,-0.017063,-0.008231,-0.00328,-0.004223,0.017591,-0.003135,-0.000479,-0.007437,-0.005628,0.015849,0.000498,0.020284,0.003725,-0.012122,-0.009405,-0.002739,-0.01729,0.004081,-0.006331,-0.008469
2024-12-24,-0.025145,-0.002915,0.009846,0.01313,0.001762,0.007683,-0.002301,-0.012588,-0.001809,-0.01493,0.005358,-0.000286,0.005176,-0.005387,0.02248,-0.002175,0.003915,0.009085,-0.007491,0.017443,-0.01427,4e-06,-0.033148,0.002718
2024-12-25,0.01395,-0.006984,0.007107,-0.010023,0.002575,-0.004905,0.026609,0.004146,0.001576,0.002806,0.014135,-0.002766,-0.014563,-0.015468,0.03225,0.008421,0.0027,-0.011103,-0.014107,0.008466,-0.010399,0.007947,0.016367,-0.011471
2024-12-26,0.012207,0.016915,-0.000559,0.006608,-0.000982,-0.003347,-0.009595,0.004445,-0.014357,0.000243,-0.01075,0.006914,-0.018515,0.003568,-0.015639,0.000915,0.001807,0.018453,-0.008662,-0.028455,-0.013447,-0.017035,-0.001672,-0.00704
2024-12-27,-0.001062,-0.006658,-0.003393,-0.000647,0.016781,0.014708,-0.000712,0.001628,0.007763,0.002488,0.012197,0.010511,-0.003475,-6.6e-05,0.008515,-0.006001,-0.001391,-0.006319,-0.000713,0.016319,-0.019167,-0.002072,0.008969,0.018578
2024-12-30,0.000107,0.015895,0.013563,0.021674,0.013314,0.00062,0.003777,0.008051,-0.001578,0.002934,-0.011641,-0.007097,0.002206,-0.007758,0.008783,-0.027632,-0.018063,-0.005314,-0.001329,-0.0187,0.015233,-0.003483,-0.007736,0.010001
2024-12-31,-0.013398,-0.031532,-0.002937,-0.000708,0.009322,0.019949,-0.007609,0.000657,-0.014603,0.005399,0.001916,-0.000704,-0.000945,-0.008975,-0.010073,0.009298,-0.010522,-0.020092,0.005948,-0.005093,0.015359,0.008684,-0.018592,0.012831
2025-01-01,0.007851,-0.013002,-0.007524,-0.030463,-0.017607,-0.002385,0.000778,-0.010479,-0.020884,0.005975,-0.017405,0.007459,-0.002914,-0.011923,-0.002294,-0.002861,-0.000524,0.011566,0.004331,-0.001765,-0.012208,0.004807,-0.002443,-0.008281
2025-01-02,-0.002764,0.009959,0.011539,-0.01489,-0.00084,-0.012301,-0.010092,-0.002633,0.000811,0.025649,0.009175,-0.005309,0.021576,-0.030493,0.001416,0.010504,0.00581,0.011007,0.007225,-0.009968,-0.001397,0.006147,0.000458,0.006091
2025-01-03,-0.003972,0.003291,-0.00809,0.008895,-0.018278,-0.007375,-0.021713,-0.003013,0.014268,0.010203,0.007831,-0.010494,0.015885,0.002843,-0.005318,0.022309,-0.007025,-0.002683,-0.008278,0.017924,0.005539,-0.008666,-0.001821,0.011822
2025-01-06,0.005671,-0.00428,-0.011807,-0.002335,0.015706,0.009195,-0.016342,0.010773,0.011296,0.004733,-0.027054,0.017842,-0.000872,0.008185,-0.005729,-0.011473,0.00531,-0.004377,-0.006366,-0.015122,-0.009246,0.000236,-0.008074,0.001412
2025-01-07,-0.001288,-0.002805,0.011222,0.003601,-0.012987,0.005705,-5.7e-05,0.008994,-0.006854,0.00732,0.020575,-0.004285,0.009543,-0.010062,-0.01554,0.022496,0.000609,0.01343,-0.01029,-0.005956,-0.02806,-0.000532,-0.00797,0.011774
2025-01-08,-0.010473,0.003363,-0.004912,-0.035299,0.002194,0.004207,0.006951,0.005949,0.003161,0.00183,-0.005034,-0.008149,-0.015526,0.006996,-0.001395,-0.01192,0.003331,0.010661,-0.013598,0.009197,0.013875,0.015127,0.012312,0.004128
2025-01-09,0.015388,-0.005357,0.008508,0.005682,0.013431,-0.000325,-0.011839,-0.008973,-0.000193,0.003979,-0.010121,0.005405,-0.014604,-0.011911,-0.017906,0.009448,0.020808,0.007192,0.015833,0.000197,-0.003164,-0.025128,0.00343,0.005592
2025-01-10,-0.006216,0.002406,-0.001618,0.001558,-0.018415,0.00197,-0.005221,-0.011314,0.000901,-0.009501,0.001826,-0.001111,-0.030602,0.003302,-0.009938,0.001249,0.01174,-0.012491,0.004097,-0.027357,0.013629,-0.012387,-0.007447,-0.000735
2025-01-13,0.013206,-0.016492,-0.00564,-0.011876,0.017642,-0.000169,0.008096,0.006427,-0.003689,-0.002547,0.001515,-0.001024,0.011682,-0.011071,-0.008805,-0.002568,-0.013581,0.011708,0.000161,0.010374,0.01039,-0.000564,0.006555,-0.016003
2025-01-14,-0.015559,-0.029678,-0.02097,-0.018068,0.011163,0.007112,0.003713,0.004193,-0.009345,0.000211,-0.000219,-0.020656,-0.003425,0.012382,-0.026315,-0.021025,0.003398,-0.009865,0.007914,-0.026386,-0.00213,0.00019,0.004188,0.005063
2025-01-15,-0.01356,0.003977,0.00618,-0.008709,0.004263,0.00772,0.014619,0.019852,-0.008332,0.010454,0.005019,0.010959,-0.001041,0.009955,-0.008015,0.002905,0.003186,-0.016039,-0.009587,0.001621,-0.00303,0.00943,0.01744,-0.019727
2025-01-16,0.003321,0.012017,0.005252,0.000337,-0.006063,0.001579,-0.015426,-0.01973,0.002024,0.00339,0.007259,0.003301,-0.015313,0.012121,0.00542,0.002034,0.000787,-0.01043,0.004684,-0.002225,-0.013115,0.003619,-0.003394,-0.009408
2025-01-17,-0.002653,0.011096,0.003372,-0.006947,0.004092,0.013732,-0.021035,0.004266,0.004785,-0.015593,0.004897,0.023756,0.015654,0.016874,0.003516,-0.007935,0.009189,0.012574,-0.013572,0.004388,-0.003467,-0.01538,-0.002425,-0.007603
2025-01-20,-0.013556,0.005294,0.010021,-0.026486,-0.008853,0.005975,0.012636,-0.005915,0.011375,0.015403,-0.008661,-0.004794,-0.018171,0.015413,0.007454,0.007224,0.00168,-0.014252,-0.007918,-0.003034,-0.00806,-0.004247,-0.00068,-0.009915
2025-01-21,-0.008049,0.003638,0.003874,0.004074,0.01194,-0.001527,-0.003045,-0.010026,0.001376,-0.008234,-0.00652,-0.003242,-9.1e-05,-0.002596,-5.9e-05,-0.001845,-0.007802,-0.019934,0.0097,-0.017574,0.012422,-0.000848,0.00071,0.00316
2025-01-22,-0.003181,-0.000705,0.009706,-0.011814,0.029071,0.000539,0.013152,0.008085,-0.005148,0.014644,-0.007318,0.001709,-0.011451,-0.007883,-0.004454,0.007296,-0.019999,-0.003313,0.008594,-0.009364,0.015503,0.009471,-0.011775,0.007742
2025-01-23,-0.001737,0.010961,0.008099,-0.012852,0.016364,-0.003454,0.001897,0.009896,0.012743,0.00933,-0.019122,0.021074,0.004682,-0.004116,-0.0101,-0.008449,0.010512,0.00146,0.011585,0.0103,-0.004768,-0.009504,-0.003126,0.009397
2025-01-24,-0.017501,0.001433,0.00344,0.006076,-0.006214,0.00302,-0.014946,0.008318,0.000882,-0.002337,-0.001398,-0.004659,-0.004665,-0.006484,-0.010623,-0.005024,-0.006862,-0.008214,0.006732,-0.005116,-0.002666,0.001661,-0.011058,-0.00473
2025-01-27,0.014402,0.008981,0.005827,0.006036,0.000516,-0.018175,-0.004533,0.008038,0.018015,-0.000119,-0.005228,0.002729,-0.019453,0.005823,-0.003527,-0.00893,-0.012703,0.012038,-0.005806,-0.011057,-0.001408,-0.001869,0.00567,-0.019418
2025-01-28,0.022245,0.00242,0.006064,-0.007972,0.008923,-0.00683,0.011585,0.008013,-0.011781,0.007032,-0.002629,-0.024374,-0.001358,0.000441,-0.003835,0.015353,-0.013267,-0.00782,0.00633,0.007821,-0.01759,-0.005357,-0.001281,-0.004253
2025-01-29,0.013107,0.00407,-0.003431,-0.001069,0.006307,0.025228,-0.003401,0.015338,0.000999,-0.025328,-0.003483,-0.007834,0.002701,-0.004686,0.011206,-0.006424,0.002608,0.000704,-0.013616,-0.007212,-0.012851,0.003782,0.020601,0.016332
2025-01-30,0.010407,-0.013757,0.005195,0.018777,-0.013348,-0.014535,0.010513,0.009217,6.3e-05,-0.006575,0.00535,-0.009105,0.023369,-0.013858,0.001963,-0.021073,0.004489,-0.011524,-0.005789,0.007375,-0.002642,-0.015574,0.015981,-0.011812
2025-01-31,-0.010345,-0.003697,0.013396,0.012436,-0.000489,-0.009101,-0.010958,-0.01216,0.01234,-0.001445,-0.013225,-0.001569,-0.00073,0.000486,-0.007428,0.004483,-0.006303,0.010345,0.004415,-0.009415,-0.006912,-0.011879,-0.002685,0.00791
2025-02-03,-0.003707,0.008936,0.025614,0.001499,-0.014695,0.014694,0.001464,0.016826,-0.014882,0.004211,-0.003115,-0.01043,-0.005175,-0.011727,0.004391,0.024793,-0.005124,0.001857,0.004787,0.006596,-0.008112,-0.002955,-0.0209,0.006798
2025-02-04,-0.010623,-0.008938,0.000656,-0.000415,0.000282,0.004564,-0.004573,-0.004264,-0.014348,-0.002249,0.008561,0.018683,-0.017794,-0.004537,-0.022209,-0.008048,0.011719,-0.002234,-0.004916,0.012589,0.002793,0.009131,0.001069,0.001812
2025-02-05,0.004591,0.011129,-0.018776,0.003343,0.01008,-0.010592,-0.014273,0.002745,-0.013534,-0.009492,0.001649,0.003253,0.009368,0.005873,0.018832,-0.012112,-0.019899,0.010895,0.014658,0.010725,0.005374,0.008345,-0.010655,-0.002497
2025-02-06,0.001193,0.018511,-0.008596,-0.01174,0.002139,-0.009116,-0.002188,0.001142,0.005852,0.012548,0.003417,0.011025,-0.000164,-0.006164,-0.012824,-0.008358,-0.00643,-0.011988,-6e-05,-0.006354,0.003456,0.004001,0.029463,0.001651
2025-02-07,-0.005618,0.009999,0.014707,0.001315,-0.005076,0.014565,0.013053,0.006271,-0.007899,-0.000106,-0.005146,0.005783,0.01147,-0.003939,0.008644,0.017627,0.006184,0.008479,0.01499,0.031842,-0.018331,0.010835,-0.005663,-0.004674
2025-02-10,-0.005371,-0.009708,-0.003471,-0.012788,0.013661,-0.009816,-0.001806,0.015309,-0.021611,-0.001808,0.003071,0.024672,0.016301,0.011974,-0.004136,-0.002649,0.014038,0.019345,-0.004866,-0.009146,-0.00491,-0.017241,-0.014767,0.002784
2025-02-11,-0.001124,0.009408,-0.012042,0.011153,0.017963,0.010718,-0.01722,-0.016324,-0.002139,-0.023419,-0.007767,0.01153,0.011981,0.010446,0.003824,0.0036,0.011649,-0.000538,0.002699,5.6e-05,-0.013531,0.017414,-0.00694,-0.004906
2025-02-12,-0.001799,-0.011372,0.010421,0.021358,-0.008852,-0.016789,0.008827,0.003159,-0.007187,-0.010696,0.002159,0.010128,-0.002193,0.008318,0.014339,0.006768,0.038432,-0.005165,-0.013853,0.010235,-0.013466,0.007468,0.018776,-0.00717
2025-02-13,0.003866,0.008695,-0.0149,0.019052,-0.000242,-0.002778,0.014187,0.001556,0.011659,0.017848,0.002925,-0.021479,-0.023763,0.00026,-0.016376,0.004682,0.007691,0.01756,-0.012348,-0.005962,0.001677,-0.01059,-0.001787,0.010732
2025-02-14,-0.001417,0.010448,-0.005941,-0.018973,-0.017201,-0.011384,-0.004625,-0.003556,-0.00479,-0.010344,-0.023465,-0.018591,-0.002302,0.001828,-0.000944,0.011166,0.018319,0.002609,0.006632,-0.004223,-0.006441,0.01939,-0.001032,-0.009863
2025-02-17,-0.001223,0.012701,-0.009408,-0.006055,0.00098,0.018051,-0.004385,-0.009684,-0.001196,-0.012213,-0.001326,0.008896,0.010014,0.00348,0.001426,-0.02662,-0.001258,0.001907,0.024476,0.003115,-0.022754,-0.021021,0.004497,-0.00499
2025-02-18,0.004452,0.019054,-0.011055,0.015405,-0.004988,0.007589,-0.001851,-0.00994,0.009459,-0.012162,-0.011761,0.004573,-0.012907,-0.012141,-0.010534,0.007979,-0.003043,-0.017099,0.022366,-0.00187,-0.003807,-0.022018,0.010326,-0.016108
2025-02-19,-0.013359,-0.002795,0.00633,-0.005084,0.02121,-0.000182,0.025922,0.018967,0.011519,-0.012312,0.003,0.023207,-0.002576,-0.01824,0.008649,0.000206,-0.005406,0.002237,0.010262,0.016774,0.002955,0.002603,0.021732,2.4e-05
2025-02-20,0.006197,0.001848,0.00204,-0.021627,-0.007704,0.015737,0.015226,0.010535,0.008548,-0.006621,-0.010651,0.01062,-0.003789,0.001281,0.016058,0.005588,0.00303,-0.015627,-0.012177,0.001879,-0.01512,-0.003927,0.0007,-0.005233
2025-02-21,0.008169,0.00879,-0.014152,0.019238,-0.00181,-0.000827,0.003848,-0.016477,-0.007051,0.010101,-0.00503,-0.001942,0.00388,-0.008474,-0.003174,-0.010541,-0.012572,0.003666,0.002259,-0.007544,-0.010113,0.015755,-0.009603,0.007243
2025-02-24,-0.004489,-0.001549,-0.006947,-0.000154,0.012193,-0.002597,-0.011734,0.003826,0.002518,-0.00339,0.008198,-0.003007,0.013469,0.00063,0.014948,-0.000594,0.009213,-0.007552,-0.011867,-0.004199,0.000222,-0.006132,0.003785,-0.011388
2025-02-25,0.020277,0.012893,-0.004414,0.006632,0.011847,0.001286,0.025887,0.013959,-0.001328,0.011146,-0.021877,0.003614,0.018493,0.004604,0.001136,0.002342,-0.008934,0.013366,0.004888,-0.01099,0.001026,0.001069,0.003871,0.006537
2025-02-26,-0.000504,-9.4e-05,-0.009024,-0.011266,0.009609,0.002235,-0.022493,0.009907,-0.006041,-0.002671,-0.037832,-0.002062,0.015186,-0.024522,0.007694,-0.006692,-0.00487,0.00468,0.00555,0.006346,-0.010515,-0.004046,0.026763,0.008747
2025-02-27,-0.00799,0.009558,0.001408,-0.001514,-0.007129,-0.003812,0.001334,-0.014021,0.002021,0.007025,0.003379,0.013601,0.000296,0.002714,-0.017904,0.009791,-0.00424,0.026213,-0.007806,0.002912,-0.005186,-0.012887,-0.002885,0.011573
2025-02-28,0.006784,-0.006847,-0.004884,-0.007995,-0.004245,-0.004003,-0.021747,0.014245,-0.005108,-0.005607,-0.010755,-0.014598,0.004512,0.004024,0.012281,0.006782,0.01762,-0.00549,-0.022732,0.005178,0.011439,0.00674,0.011074,-0.014443
2025-03-03,-0.000322,0.004036,-0.003913,0.006331,0.02136,0.006175,0.003762,-0.006296,0.003816,-0.002158,-0.010142,0.002614,-0.00178,0.00024,-0.007721,0.014511,0.000902,-0.001855,-0.004281,0.026087,-0.011177,-0.021418,-0.001759,-0.003625
2025-03-04,-0.002341,0.000427,-0.011839,-0.007332,-0.017166,0.014131,0.010807,0.002027,-0.01643,-0.003548,-0.005011,-0.006767,0.020666,0.021378,-0.016954,-0.004998,-0.025204,0.00654,-0.006809,0.00245,-0.000648,-0.005084,0.019315,0.010099
2025-03-05,-0.007601,-0.00369,-0.00928,0.006062,-0.005608,-0.006292,-0.010375,-0.001634,-0.003495,-0.019159,-0.007347,0.011744,0.023469,0.012419,-0.004697,0.016658,0.001988,0.000394,-0.004647,-0.001681,0.010729,0.000451,-0.01284,0.018834
2025-03-06,-0.01194,-0.011935,0.003065,-0.017823,0.007439,0.002327,-0.011148,0.00758,-0.006923,0.008649,-0.011489,0.005086,-0.016331,-0.007164,-1.9e-05,0.00974,-0.016959,-0.009684,-0.010573,-0.000692,-0.008151,-0.013702,-0.003694,0.011952
2025-03-07,-0.0066,0.001045,-8.3e-05,-0.002582,-0.007539,0.010667,0.002639,-0.000993,0.00608,0.017494,0.000144,0.001481,0.00396,0.00247,0.015357,0.005502,8e-06,0.009837,0.017094,-0.006427,0.001024,-0.001728,0.016109,-0.001321
2025-03-10,-0.012636,-0.000454,-0.003671,-0.0147,0.013425,0.008175,-0.016175,-0.013268,-0.010125,0.004135,0.009839,-0.003447,0.027249,-0.006006,-0.008734,-0.001736,-0.007359,-0.009372,0.014107,-0.00217,0.000122,0.016918,-0.009195,0.021665
2025-03-11,-0.001096,-0.000771,0.008833,-0.001581,-0.005745,0.011306,0.002772,-0.003568,0.018491,0.009786,0.002934,-0.0034,0.006738,0.003437,0.016691,-0.015943,-0.000625,-0.031531,0.008338,0.003885,-0.015768,0.010261,-0.000483,-0.022929
2025-03-12,0.01464,-0.005083,0.008143,0.010664,0.012273,0.003361,0.000548,0.009417,0.012232,0.012388,-0.01655,-0.001019,0.006931,-0.00298,-0.009058,0.006351,0.004551,-0.006768,-0.002108,0.007023,-0.017995,0.009993,0.006772,0.007943
2025-03-13,-0.017022,-0.00492,0.006383,0.004791,-0.005013,-0.010149,0.007069,0.022769,-0.008912,-0.009861,-0.013553,0.007843,0.006648,-0.017228,-0.008206,0.013011,0.00214,0.009163,-0.001156,0.010178,-0.006041,-0.000487,0.00561,-0.010089
2025-03-14,0.020929,-0.00637,-0.01418,-0.020302,0.004407,-0.004641,-0.012211,-0.005788,-0.002705,0.004793,0.006925,-0.005732,0.000743,0.010536,0.000665,-0.006816,-0.019417,0.00813,0.01832,-0.01252,-0.015293,-0.007687,-0.000454,-0.005566
2025-03-17,0.015815,0.007486,-0.009608,-0.010144,0.011176,-0.004614,0.002641,-0.002281,-0.011027,0.004529,-0.014772,-0.006489,-0.011804,0.022863,0.01535,-0.004046,0.007798,-0.004968,-0.00214,0.006107,0.002453,0.001621,-0.013677,-0.003437
2025-03-18,-0.007097,0.013978,0.003145,0.025082,-0.008702,-0.013529,-0.001448,-0.01452,-0.01423,-0.008242,-0.003455,0.008313,-0.011737,-0.010947,0.014534,-0.00141,0.019373,0.004833,-0.007624,0.004327,0.011423,0.001596,0.004477,0.002784
2025-03-19,0.003134,0.003195,0.001738,0.006081,-0.010642,0.007988,-0.024626,-0.003297,0.010394,0.010596,-0.021929,0.001043,0.019114,0.002622,-0.004073,0.016369,0.009084,-0.010413,0.014577,0.005128,-0.00877,0.019821,0.004224,-0.019507
2025-03-20,0.004328,-0.00756,0.009776,0.007975,-0.016537,0.003757,0.000473,-0.006992,-0.007892,-0.017173,-0.000834,0.008767,-0.007456,-0.008282,0.01217,-0.008483,0.002145,-0.009207,0.006395,-0.005941,0.000823,-0.009896,0.004984,0.014648
2025-03-21,-0.009714,0.004216,0.001379,0.006797,0.004134,-0.002126,0.005704,-0.010482,-0.00522,-0.010643,0.011308,-0.027847,-0.014869,-0.003773,0.020086,-0.012382,0.007623,0.001303,0.015604,-0.000987,0.017567,-0.013086,0.004697,0.012925
2025-03-24,-0.011848,0.005402,-4e-06,-0.011792,0.006493,0.006792,-0.001154,0.0151,0.01496,0.028834,-0.006689,0.000715,0.020442,0.007114,-0.007211,-0.020556,0.000116,0.004495,-0.008904,0.009391,0.003708,0.00143,0.005195,0.004701
2025-03-25,0.008121,-0.011352,-0.002837,-0.016966,0.016279,-0.005361,-0.008499,-0.010802,-0.002631,0.001555,-0.006032,0.011405,0.010193,-0.003294,-0.00254,0.012965,-0.011029,-0.027847,0.010039,-0.002442,-0.01072,-0.001002,-0.014671,0.018364
2025-03-26,0.007083,0.00283,0.01591,0.014804,0.021732,7.5e-05,-0.010147,-0.009923,-0.001848,-0.003146,0.000173,0.015444,-0.006637,0.013082,0.000345,0.003624,0.006172,0.004899,0.003689,-0.001454,0.002269,0.008281,-0.003565,-0.006303
2025-03-27,0.003595,0.009035,-0.004417,0.006245,0.005434,0.016473,0.016597,0.009498,-0.013222,-0.002087,0.005974,0.00932,0.012624,-0.006511,0.009229,-0.000815,-0.002638,0.003058,-0.009709,0.007739,-0.000192,-0.017385,-0.023676,-0.021939
2025-03-28,0.00696,-0.006965,-0.002899,0.000229,0.012418,0.000297,-0.011051,-0.009983,0.012516,0.001256,-0.003479,-0.019058,0.02131,0.001369,-0.006374,-0.004932,0.016406,0.000224,0.007799,0.004424,-0.016975,-0.006769,0.023375,0.018523
2025-03-31,0.003624,0.007793,-0.009026,0.020353,-0.009805,0.007854,-0.007611,0.006266,0.022369,0.025784,-0.014452,-0.007517,0.00243,-0.006139,0.011778,-0.009439,0.012843,-0.000594,-0.007585,0.004786,0.013711,-0.008659,-0.017251,-0.005908
2025-04-01,-0.015282,0.004606,-0.007389,-0.006333,-0.004864,-0.00117,-0.002465,0.00533,-0.018337,-0.00309,0.01317,0.01094,0.015675,0.007195,-0.01266,-0.002552,-0.006038,0.011221,-0.000148,0.004739,-0.000868,0.007554,0.008543,0.0112
2025-04-02,-0.001726,-0.00284,0.018019,0.003385,-0.038732,-0.00836,-0.006193,0.026149,-0.014165,-0.022732,0.010851,-0.007546,-0.000789,-0.00535,0.005791,0.006118,0.0071,0.013316,-0.002637,0.000628,0.011124,-0.007847,0.013863,-0.00931
2025-04-03,0.018777,-0.020692,0.006976,-0.011853,-0.009224,-0.01026,0.020866,-0.008436,-0.013696,0.009365,0.001482,0.023404,0.000666,-0.006089,0.004911,-0.002372,0.000784,-0.012489,-0.010404,0.00644,0.000982,-0.00405,0.005587,-0.002807
2025-04-04,0.00296,8.6e-05,0.007152,-0.009493,0.000698,0.008159,-0.00724,-0.002187,0.01243,0.002763,-0.001037,-0.016956,0.001506,0.000667,0.007343,0.004979,0.016742,-0.000555,-0.007313,-0.016594,0.021839,0.014838,-0.017582,-0.014139
2025-04-07,-0.01002,-0.010219,0.009733,-0.015146,0.004037,0.002126,-0.010938,0.005396,0.005165,0.020634,-0.002656,-0.003916,0.023127,0.02149,-0.004239,0.012074,-0.009595,0.010178,-0.003389,-0.016668,-0.015822,0.010859,0.00782,0.014464
2025-04-08,-0.010987,-0.004114,0.014477,-0.00341,-0.004443,0.007094,-0.003454,-0.002626,0.000493,-0.011417,-0.017681,0.02587,0.018804,0.017468,-0.012602,0.009056,-0.016291,0.003693,0.032224,0.009515,0.013088,0.001487,-0.001518,0.000625
2025-04-09,-0.012835,0.026172,-0.000217,0.012676,0.00167,0.010768,-0.008944,0.001005,0.002559,0.003319,0.005963,0.007222,-0.012459,0.010849,0.002248,0.007529,-0.002998,-0.004716,0.00555,0.014351,0.016356,0.015219,0.007084,0.015962
2025-04-10,-0.002033,-0.016449,-0.012208,0.00227,-0.01186,0.014844,-0.011623,-0.010081,0.005,0.001813,0.017518,-0.010725,-0.013097,-0.00869,0.012982,-0.018069,0.000243,-0.010674,0.005661,0.006683,0.025893,-0.024885,0.010701,0.001891
2025-04-11,-0.013546,-0.018585,0.00318,-0.020474,-0.015226,0.005692,-0.027947,-0.004012,0.00398,0.000652,-0.001921,-0.011031,0.000778,-0.005335,-0.007701,0.006569,0.000776,-0.010928,0.001095,-0.004302,0.00825,-0.007327,0.005549,0.003056
2025-04-14,-0.004532,0.000984,0.022218,-0.013823,-0.002448,-0.007233,-0.007973,0.019716,0.00276,0.007955,-0.006672,-1e-05,0.020831,0.024788,0.008786,-0.000162,-0.011863,-0.013999,0.000365,-0.014372,0.002329,-0.004895,0.002534,0.002253
2025-04-15,0.001796,0.001603,0.020928,0.00858,0.004723,-0.015001,0.010312,-0.008477,-0.00514,-0.009191,0.003833,0.002641,-0.005797,-0.01669,-0.002142,-0.035532,0.026528,0.008571,0.005897,-0.011109,0.005626,-0.004848,-0.007044,0.022632
2025-04-16,-0.001989,0.029798,0.01496,-0.004473,-0.000544,0.016432,-0.000368,-0.022291,0.000726,-0.00163,-0.006377,0.013869,0.000622,-0.016889,0.014569,-0.015275,-0.008286,0.004701,0.013906,-0.000791,0.000319,0.01316,0.008915,0.008617
2025-04-17,-0.003179,-0.004769,0.002991,0.009469,-0.00874,0.016171,-0.011154,-0.004271,0.009291,0.025246,-0.00156,-0.00496,-0.008033,0.002379,-0.00128,0.007513,0.011012,0.012463,0.011633,-0.00067,0.003307,0.009718,0.004021,0.012556
2025-04-18,-0.00875,-0.00142,-0.008425,-0.005095,-0.022947,-0.001772,9.3e-05,0.018125,0.008601,-0.010455,0.000528,0.017495,-0.008248,-0.005307,-0.004046,0.003465,-0.005111,-0.021887,0.021619,0.022506,-0.011831,0.008074,0.02809,0.004894
2025-04-21,0.008201,0.007441,-0.001659,0.013787,-0.011008,0.005486,-0.002673,0.008894,0.008353,0.001721,-0.000768,-0.00911,0.01439,-0.00201,0.005251,-0.020412,0.001009,-0.016455,0.013105,0.000402,0.015718,4.7e-05,-0.003214,0.011402
2025-04-22,-0.004137,-0.001274,0.019397,-0.028217,0.010262,0.014863,-0.01148,-0.006616,-0.023202,0.010924,0.004011,-0.009785,0.01045,-0.000847,0.022943,-0.00407,0.007205,0.00357,0.004687,0.007407,4.8e-05,0.003642,0.006999,9e-05
2025-04-23,0.021878,-0.016579,0.003002,-0.004432,-0.001082,0.011223,0.006884,-0.002564,0.002881,0.008813,-0.002305,-0.00164,-0.011066,-0.002648,0.011246,0.002341,0.005781,0.008419,-0.003953,0.000338,0.015264,-0.006661,-0.015563,0.000653
2025-04-24,0.002802,-0.012541,-0.006856,-0.00565,-0.005114,0.008091,-0.004429,-5.4e-05,0.009656,-0.019153,0.008273,-0.013727,-0.000158,0.011249,-0.005676,0.0046,-0.001517,-0.008732,0.013469,-0.007603,0.001961,0.005495,0.009183,-8.6e-05
2025-04-25,0.012478,-0.010816,-0.010041,0.006074,-0.007529,-0.013515,0.005036,0.027343,0.001771,0.006658,-0.003576,0.007424,-0.004298,0.012779,0.014916,-0.011127,-0.004106,-0.011042,-0.003824,-0.011783,0.014838,-0.007793,0.023462,0.001371
2025-04-28,0.003056,0.007359,0.001621,0.008572,-0.010153,-0.015434,0.008684,-0.004985,0.009055,-0.006892,0.008322,0.014626,-0.016433,0.011676,-0.008534,-0.014137,-0.011128,0.015889,0.002934,0.001972,-0.013332,-0.003786,-0.002651,0.013589
2025-04-29,-0.001088,0.024225,0.009285,0.007871,-0.002726,0.007544,0.000328,-0.005553,-0.022134,0.000523,-0.015822,-0.01947,-0.014795,0.013313,0.026492,-0.012674,0.004188,0.007345,-0.00965,-0.00046,-0.007214,-0.004189,0.011998,0.012239
2025-04-30,0.007404,0.003857,-0.005388,-0.006841,-0.002858,-0.008507,0.001747,-0.001547,-0.017828,-0.002132,0.008419,0.003648,-0.018972,0.013821,0.002024,-0.01164,0.014089,-0.028089,0.012474,0.001991,0.002003,0.002424,-0.004583,0.021226
2025-05-01,0.0084,-0.012386,-0.019406,0.004846,0.005078,-0.007308,-0.011612,0.010887,0.020746,-0.004699,0.004513,-0.02023,-0.004642,-0.008277,0.016793,-0.003589,-0.012598,0.002461,0.00108,0.025243,0.000343,-0.002811,-0.018089,-0.015313
2025-05-02,0.015105,0.019623,-0.012527,-0.0099,0.006499,0.00985,0.000248,0.009167,-0.00308,0.016595,0.022741,-0.005287,-0.003401,0.006387,0.001788,-0.002832,0.017801,-0.015783,0.011013,-0.01878,-0.003361,0.011023,0.003717,-0.001473
2025-05-05,0.016404,-0.000628,-0.008617,-0.011622,-0.009333,-0.008632,-0.003525,0.004525,-0.002583,-0.013875,0.001238,0.002309,-0.003864,-0.006555,0.001872,0.01706,0.001987,0.006543,0.013499,-0.012376,-0.0156,-0.004389,0.016046,-0.005223
2025-05-06,-0.012133,0.014852,-0.007176,-0.003083,-0.013435,-0.00206,-0.019602,-0.00438,0.003665,-0.004055,-0.007262,-0.01385,-0.01345,0.013768,-0.017055,-0.00261,0.008252,-0.000824,0.007267,-0.004883,-0.005278,-0.002304,-0.00288,-0.000373
2025-05-07,0.016479,0.003552,0.006622,0.015401,-0.010792,0.025442,0.010272,-0.005726,0.001158,-0.012492,-0.001761,0.012163,0.013555,-0.008496,-0.001539,0.001712,-0.008234,-0.000739,0.003104,0.016404,0.007715,-0.000786,-0.009342,8.8e-05
2025-05-08,-0.009694,-0.001892,-0.015112,0.000302,0.019139,-0.022775,0.000612,-0.001126,-0.026566,0.005981,-0.016347,-0.003764,-0.014579,-0.016675,0.002814,0.008834,-0.005546,-0.009918,-0.019433,0.012379,0.004964,0.005231,-0.001341,0.02081
2025-05-09,-0.012766,-0.005409,0.015425,-0.008802,0.009151,0.008803,0.00306,-0.004198,-0.004328,-0.001387,-0.010672,-0.000776,0.012798,0.003151,-0.01125,-0.011143,0.006112,0.016195,-0.006702,-0.01797,-0.009916,-0.002035,0.009064,-0.01518
2025-05-12,-0.000785,0.002197,0.000963,0.014194,0.006749,-0.016815,-0.014754,0.004745,0.020651,-0.004049,-0.005999,0.030117,-0.005945,-0.005965,0.012419,0.008576,-0.003709,0.001553,-0.010178,0.007431,0.014061,0.013271,0.003808,0.000833
2025-05-13,0.006512,0.018945,-0.00702,-0.00217,0.006444,-0.009407,-0.018844,0.010271,0.00418,-0.008648,-0.002638,0.00403,-0.014423,0.011584,0.003839,0.007637,0.013886,-0.012468,-0.013167,0.008546,0.003402,-0.011582,-0.021132,0.003411
2025-05-14,0.011248,-0.00674,0.01049,0.004882,0.001706,-0.017757,-0.005588,0.000374,0.004203,0.004585,0.008037,0.033785,-0.010868,0.011837,0.001919,-0.010563,-0.007311,-0.000574,0.011989,-0.002731,0.015173,-0.008532,-0.008571,0.010988
2025-05-15,0.003162,-0.001741,-0.011254,0.010507,-0.007522,-0.002544,0.008576,-0.020364,-0.008037,-0.001589,-0.00099,0.017588,0.008712,0.023177,0.010651,0.003275,-0.010177,0.010418,0.001825,0.008174,0.003691,-0.001756,-0.013323,-0.007494
2025-05-16,-0.007458,-0.009617,0.009051,0.00056,0.007295,-0.008304,-0.006081,0.024572,-0.022081,0.008544,0.016168,-0.013336,0.009297,0.003283,-0.010551,0.003822,-0.015419,-0.002905,0.018727,-0.003541,-0.002548,0.008278,-0.004244,-0.002278
2025-05-19,0.008015,-0.010857,-0.024553,0.002325,-0.007241,0.006438,-0.019865,-0.003901,0.005422,-0.014245,0.00118,0.003233,0.0145,0.009534,0.031693,0.008264,0.020572,-0.009236,-0.01389,-0.00968,-0.005689,-0.007401,-0.012449,8.9e-05
2025-05-20,-0.010433,-0.01388,-0.001301,-0.015223,-0.016938,-0.002983,-0.001284,-0.002384,-0.017815,-0.005106,0.016409,0.006548,-0.004274,0.017168,-0.013965,0.001086,0.009345,-0.013841,0.024608,-0.01492,0.017367,-0.002482,-0.014011,-0.000718
2025-05-21,-0.012886,-0.018065,0.011729,0.002397,0.013206,-0.011102,-0.00717,0.006571,-0.014412,0.009826,-0.009052,-0.002005,0.014297,-0.009825,0.004888,-0.009459,-0.008457,0.005235,0.003698,0.003218,-0.00261,0.004804,0.010659,0.010804
2025-05-22,0.023388,0.004227,-0.00577,-0.008017,0.003824,0.003803,-0.004726,0.009389,0.002116,0.015388,0.010179,0.001256,0.015169,0.0163,0.007847,0.006842,-0.019715,-0.003137,0.024771,0.005302,-0.004536,-0.014216,0.00159,0.019411
2025-05-23,-0.006422,0.002531,0.001563,-0.004862,-0.006498,0.022267,-0.016946,0.019648,0.019621,-0.009399,0.004203,-0.003806,-0.004476,-0.010022,-0.004,-0.00815,0.003728,-0.002163,0.020491,-0.00431,0.003314,-0.014499,-0.005451,0.00231
2025-05-26,-0.001152,-0.001074,0.004445,0.019738,0.00402,-0.020224,0.00165,-0.00905,-0.013717,-0.009834,0.002169,-0.008417,0.000685,-0.010886,0.006554,0.006149,0.00887,-0.012271,0.009501,-0.00311,-0.02281,0.004732,-0.003136,0.010991
2025-05-27,-0.000254,-0.011197,-0.013218,0.025089,0.002811,-0.009748,-0.008697,0.003785,0.007366,0.001148,0.010191,-0.009577,-0.002021,-0.000475,0.017076,0.003914,-0.008669,-0.010785,-0.007537,0.017771,-0.00823,-0.021333,0.015903,0.00186
2025-05-28,-0.015275,0.002617,-0.012351,-0.003384,0.009509,-0.001325,0.016634,-0.013757,0.01688,0.000915,0.003681,0.021027,-0.003797,-0.017019,-0.022243,0.007526,0.014166,-0.002612,0.004596,0.004714,-0.017844,-0.004623,0.005589,0.010588
2025-05-29,0.007331,-0.002244,-0.011088,0.016788,-0.000624,-0.007459,0.008902,-0.000333,-0.003481,-0.007596,0.01309,-0.005691,0.015061,-0.015046,0.021462,-0.006173,-0.013148,0.000685,0.003909,-0.021157,-0.007814,-0.003376,-0.015936,-0.000647
2025-05-30,0.009961,-0.004723,-0.002787,-0.011038,0.010501,0.005791,-0.015178,-0.013399,0.005432,0.004592,0.009117,0.02996,-0.008205,0.014762,0.006246,-0.012566,-0.002023,0.01725,0.009018,-0.022864,-0.006401,0.005302,-0.005851,-0.007076
2025-06-02,-0.002824,-0.007941,0.011107,0.002682,-0.006425,0.001835,-0.0088,0.008992,0.005441,-0.020904,0.010492,0.000945,-0.006033,0.000578,-0.010305,-0.007574,-0.001919,-0.000691,0.015022,-0.008034,0.005963,0.001497,0.001168,-0.006446
2025-06-03,-0.010199,0.007207,0.016309,-0.003037,0.002826,0.011277,-0.001679,-0.003891,0.009954,-0.005387,-0.004584,0.000364,0.006905,0.00465,0.001864,0.018527,0.016237,0.001266,0.006371,-0.007473,-0.028014,-0.008962,-0.008938,-0.01485
2025-06-04,-0.008979,0.001891,0.008553,-0.002022,0.005223,0.010173,0.010575,-0.016463,-0.014123,0.004049,-0.003216,0.017341,9.1e-05,0.003059,0.014553,0.020705,-0.007142,0.001337,-0.002751,-0.014684,-0.003342,-7.7e-05,-0.007368,0.020282
2025-06-05,-0.01266,0.012978,0.003945,-0.001191,0.009659,0.013315,-0.000583,0.013321,-0.005597,0.000633,-0.005274,0.009423,0.019773,-0.010275,0.005391,-0.003999,0.002767,-0.00918,-0.007865,-0.004754,-0.000357,0.004877,0.000649,0.003836
2025-06-06,0.004496,0.007681,0.006236,-0.017386,-0.000553,0.014126,0.012874,0.011618,0.013404,0.005865,-0.016019,-0.008988,-0.002026,0.01769,-0.01368,0.003395,0.001109,0.012764,0.020738,-0.006381,0.024695,-0.00629,0.010279,0.002454
2025-06-09,-0.00542,0.008298,-0.012434,-0.000891,-0.019688,-0.00855,-0.030243,-0.005948,-0.001202,0.018203,-0.008974,0.021622,0.001699,0.002481,0.006737,0.012502,0.003647,0.0038,0.004536,-0.001319,-0.011663,0.000572,0.007761,-0.007648
2025-06-10,-0.003966,-0.004221,0.006951,0.016033,0.004989,-0.009495,0.00383,-0.004589,0.002182,0.001607,-0.008877,0.012287,-0.00405,-0.012109,0.004237,0.004425,0.006817,-0.005145,-0.009964,-0.012358,0.004946,0.005148,0.005174,0.002121
2025-06-11,0.015393,0.003961,-0.010822,0.017597,-0.014406,-0.015683,-0.000805,-0.006492,-0.009374,-0.005029,0.005221,0.002542,-0.027977,0.008359,0.003132,-0.00375,-0.018798,-0.008826,0.004443,0.013935,0.00464,-0.012739,-0.014217,-0.000295
2025-06-12,0.02293,-0.013568,-0.017005,0.01587,0.007551,0.012548,-0.024917,-0.013223,2e-06,-0.031619,-0.005377,-0.000522,-0.006479,0.003586,-0.00062,-0.007385,0.010211,0.012252,-0.009412,0.012484,-0.008248,0.013792,-0.011259,-0.015107
2025-06-13,-0.004752,-0.014829,0.004156,0.010133,-0.014018,0.004368,-0.000366,-0.015529,-0.003992,-0.00019,-0.013777,-0.001447,-0.009776,-0.006877,0.011726,0.005616,0.003889,-0.01023,-0.02158,-0.014931,0.005704,0.00447,-0.004223,-0.00776
2025-06-16,-0.007445,-0.014409,-0.007702,0.01039,0.003697,0.006036,-0.014109,-0.00475,0.023466,-0.022396,0.009387,0.021362,0.009985,-0.004639,0.011858,-0.005869,0.018228,-0.005109,-0.017381,0.019437,0.010173,0.00125,0.001026,0.017829
2025-06-17,-0.00088,-0.010135,-0.003865,0.002775,0.008156,0.006255,0.013258,-0.001151,0.014738,-0.009198,-0.010516,0.004254,0.005106,0.004243,-0.010463,0.009623,0.008174,0.006291,-0.002629,-0.001535,-0.017255,-0.025719,-0.010201,-0.024844
2025-06-18,0.017828,-0.010233,0.007628,0.006503,0.004247,-0.007476,0.00458,-0.005514,0.014288,-0.012053,-0.008911,0.000525,-0.001617,-0.005157,-0.000869,0.024558,-0.009774,-0.002621,-0.010362,-0.007099,0.014939,0.004049,-0.007777,-0.002466
2025-06-19,-0.006964,-0.014473,-0.01309,-0.002614,0.012669,-0.008305,0.004866,0.012553,-0.004595,-0.001523,0.007516,0.020303,-0.013853,-0.016469,-0.012543,-0.001419,0.000814,0.014589,-0.002147,0.005336,-0.00699,0.000407,0.001651,-0.003146
2025-06-20,-0.002896,-0.014057,-0.011726,0.006761,-0.014273,-0.01666,-0.009413,-0.009897,-0.009586,0.005389,-0.00196,0.000519,0.000249,-0.003685,-0.01849,0.008893,-0.018738,-0.009331,-0.02559,0.01522,0.000511,0.002496,0.000121,0.007613
2025-06-23,0.02605,0.003068,-0.009724,-0.003048,0.016127,0.011055,0.019037,0.002042,0.01269,-0.019702,0.013665,-0.012718,-0.005075,-0.019155,-0.012988,0.01211,0.000298,-0.019796,-0.006164,-0.014942,0.022469,-0.014061,0.00363,-0.014577
2025-06-24,-0.008787,-0.006431,0.011319,-0.008767,0.011845,-0.003705,-0.001764,0.007189,-0.002318,-0.008148,-0.005438,-0.001757,0.00056,0.005763,0.022872,0.001226,-0.013638,0.015914,0.003184,0.005125,0.00409,0.008809,0.00673,0.003391
2025-06-25,0.010406,-0.019352,-0.007306,0.002295,0.023167,0.007082,0.021685,0.004867,-0.011285,-0.003326,0.001561,-0.00629,-0.005466,-0.007957,2e-06,0.007115,-0.02866,-0.006024,0.004668,-0.002161,-0.016818,-0.008049,-0.000134,-0.004629
2025-06-26,-0.005142,-0.009578,-0.005831,0.010843,0.005063,-0.008525,-0.006067,-0.009428,-0.018293,0.000677,0.003298,-0.015021,-0.002241,-0.010881,-0.011529,-0.00816,0.014304,-0.012903,0.004103,6.6e-05,-0.005797,0.003308,-0.008347,-0.022523
2025-06-27,0.019514,0.001584,0.020797,-0.00754,0.007508,-0.000276,0.006843,-0.009262,0.018264,-0.009831,-0.008863,0.014961,-0.009671,-0.005783,0.019597,0.013548,-0.00717,-0.003308,0.009096,0.017282,-0.000659,0.006995,-0.022588,-0.007382
2025-06-30,-0.001252,-0.009993,0.019906,0.018279,-0.014151,-0.000193,-0.009411,0.009912,-0.002076,0.00798,0.019433,0.000169,-0.005085,0.019098,-0.014669,0.024752,0.002495,-0.002215,-0.001669,0.002626,0.00316,-0.004559,0.002627,0.007976
2025-07-01,-0.006865,-0.000674,-0.000866,0.01078,0.010872,-0.006613,-0.006621,0.01189,-0.012827,-0.010256,0.001444,0.002606,0.018779,-0.009605,-0.02433,-0.020821,0.006004,0.019662,0.003193,-0.018863,0.002806,0.006758,-0.001876,0.000805
2025-07-02,0.002462,0.002793,0.012116,0.003109,-0.006041,0.002823,-0.002048,-0.001957,0.016096,-0.007291,0.018737,0.009222,0.020194,0.008117,-0.00287,0.007337,-0.007763,-0.00013,-0.020895,0.001524,0.004195,0.006108,0.010385,-0.012073
2025-07-03,-0.014389,0.002855,0.020103,0.00708,0.009301,-0.016013,0.014926,0.004878,-0.01777,-0.018728,0.020677,-0.005701,-0.012805,-0.005313,0.007238,6.1e-05,-0.003846,-0.004843,-0.010328,-0.011578,1.5e-05,-0.003954,0.025684,0.003544
2025-07-04,-0.000827,-0.001802,-0.019451,0.004345,-0.008407,-0.011568,-0.028341,0.021836,-0.004716,-0.002743,-0.009587,-0.009494,0.001282,-0.008224,-0.01733,0.011898,-0.003921,-0.013305,-0.014517,0.009207,-0.004298,-0.030794,-0.012763,-0.009714
2025-07-07,-0.011247,-0.006269,0.014593,0.00386,-0.021886,-0.018503,0.009278,0.008254,0.007398,-0.011765,-0.001668,-5.7e-05,0.006013,-0.008019,0.007192,-0.019705,0.008922,0.00266,-0.007679,0.007348,0.003993,-0.015437,0.00812,-0.003716
2025-07-08,-0.002164,0.003394,-0.00968,-0.003819,0.005036,0.005853,0.01009,-0.014858,0.009775,-0.006176,0.016148,0.020553,0.017415,-0.023881,0.009763,-0.004423,0.008894,0.005742,0.012689,-0.003303,-0.013621,0.015614,0.003956,-0.03263
2025-07-09,0.00575,-0.011358,0.004239,-0.015186,-0.000951,-0.011714,0.003838,-0.000121,-0.009183,0.016805,0.012173,0.020334,0.004016,0.015315,0.017174,-0.015059,-0.01714,0.007179,-0.006333,-0.014585,0.019977,-0.005836,0.00783,-0.003234
2025-07-10,-0.012943,-0.031756,-0.00689,-0.017315,-0.013062,0.002296,-3.4e-05,-0.010925,-0.003525,-0.01218,-0.018945,0.002972,0.003278,0.000798,-0.002217,0.000433,-0.000923,-0.018463,0.005871,-0.014074,3.7e-05,-0.014667,-0.008088,0.004543
2025-07-11,-0.009428,-0.00239,-0.005738,-0.000181,0.025823,-0.00435,-0.02304,0.004129,-0.00265,-0.023595,-0.007535,0.001469,-0.012202,0.013027,-0.008571,-0.00936,0.009761,-0.003873,-0.018886,0.008222,-0.011566,-0.007463,-0.005389,0.013362
2025-07-14,0.010342,-0.020709,0.000259,-0.02961,0.017856,0.020828,0.008553,-0.014605,-0.02821,-0.015322,-0.001717,0.015577,-0.002297,0.009047,0.001979,-0.001892,-0.00873,0.003714,0.033264,-0.00321,-0.01626,0.000865,0.009567,0.005056
2025-07-15,0.004815,-0.001646,0.013761,-7.9e-05,0.017132,0.00157,0.003348,-0.00318,-0.010536,-0.020794,-0.007038,-0.017171,0.006547,-0.000394,-0.006324,0.001175,-0.006737,-0.004918,0.024308,0.004782,-0.000582,-0.003887,-0.002678,0.003497
2025-07-16,0.004904,-0.004584,-0.003612,0.004897,0.004833,-0.000936,0.014661,0.006197,0.017142,-0.003567,0.004228,0.002544,-0.011099,0.007031,0.002994,-0.0022,-0.00558,-0.01722,-0.003066,-0.006604,-0.003456,-0.005882,-0.007346,-0.01138
2025-07-17,0.006998,0.019687,0.00135,-0.003041,0.011295,-0.011837,0.007027,0.002486,-0.011746,-0.014858,-0.013393,0.011767,0.011722,0.01374,0.008242,-0.004271,-0.008648,0.019711,-0.001102,-0.008346,-0.006348,-0.006628,-0.001966,0.017198
2025-07-18,0.015973,-0.001215,-0.003827,-0.012849,-0.004529,-0.000512,0.013687,0.004519,0.000719,0.005907,-0.010108,0.000121,-0.006248,-0.020677,0.000149,-0.002717,0.023011,0.005074,0.019703,-0.012276,0.002614,-0.000827,-0.007588,-0.008808
2025-07-21,0.001151,-0.001103,0.004122,-0.000747,-0.006947,-0.003224,-3e-06,-0.018755,-0.010398,-0.008612,0.004476,-0.025233,-0.003592,-0.002105,0.015764,0.007895,-0.004754,-0.011353,-0.008936,0.020617,0.001385,-0.006202,-0.00787,-0.009429
2025-07-22,-0.011829,-0.012762,0.003681,-0.014559,-0.017464,-0.002978,0.012509,0.006517,0.005688,0.012481,0.023181,-0.003669,0.012081,-0.008728,-0.025644,0.009791,-0.001378,0.011809,0.001584,-0.007313,-0.004025,0.008301,-0.013386,-0.008202
2025-07-23,-0.020183,-0.002823,0.009048,0.007435,-0.012237,0.000591,-0.002141,0.000958,0.008268,0.000908,-0.003378,0.000195,0.008082,-0.023418,-0.012869,-0.009588,0.010089,-0.008976,-0.003596,0.023304,-0.003385,0.004467,-0.018878,-0.014162
2025-07-24,-0.008387,0.008809,0.02691,-0.01096,-0.003625,-0.002848,-0.005362,0.014255,-0.005678,-0.009554,0.002849,0.009794,0.007883,0.001896,0.012504,-0.014609,-0.014888,0.012184,-0.005565,0.016511,-0.017035,0.020474,-0.012134,0.015216
2025-07-25,0.003969,0.011507,-0.014668,-0.010223,-0.015355,-0.012409,-0.018456,0.009696,-0.001083,-0.004525,-0.014609,-0.017996,-0.024134,0.006955,0.007558,-0.017631,-0.003206,0.003725,-4.2e-05,-0.006072,0.009347,0.017295,0.014062,0.012969
2025-07-28,0.003759,0.014124,0.020378,0.005338,-0.010107,-0.00022,0.008314,0.005647,0.016249,-0.006704,-0.025117,-0.013691,0.001235,-0.004461,0.02177,-0.002744,-0.019137,0.020565,-0.00354,0.004466,0.00315,-0.004174,0.01155,0.009752
2025-07-29,0.003623,-0.015003,-0.011384,0.005,-0.005934,-0.013663,-0.010515,-0.000693,-0.014855,0.019535,-0.010462,-0.008713,0.011419,-0.000263,-0.006437,-0.022805,0.005429,0.005534,0.008071,-0.02113,0.009217,-0.014839,0.007517,-0.013316
2025-07-30,-0.010321,0.003204,-0.009188,0.014594,-0.004782,0.005867,-0.010846,0.002734,-0.014053,0.002348,0.015233,-0.006922,-0.009732,-0.009057,0.005585,0.019898,-0.025672,-0.000501,-0.005474,-0.013013,-0.005411,-0.015962,-0.011841,-0.01003
2025-07-31,-0.019594,-0.004387,0.019837,0.01099,0.016967,0.006751,0.010923,0.009345,0.003725,0.005989,0.006799,0.012885,-0.029055,0.012188,0.00152,0.002192,0.012394,-0.004635,0.008848,-0.015285,-0.003664,-0.002326,0.004995,-0.006816
2025-08-01,0.008535,-0.004542,-0.004521,-0.015553,0.003159,0.01147,0.011942,-0.000909,0.029996,0.021293,0.006928,-0.003515,0.010807,0.007757,-0.001914,0.006294,0.013697,-0.010427,0.032895,-0.004244,0.004676,-0.026186,0.013276,0.023724
2025-08-04,-0.001836,-0.014052,-0.014515,0.018529,0.006768,0.002887,-0.002229,0.002039,0.011265,0.019093,-0.009538,0.003451,0.016429,0.013318,0.012599,-0.021419,-0.002572,-0.003414,-0.000283,0.009031,0.005688,-0.01137,-0.001319,0.001189
2025-08-05,0.003362,0.008789,0.025192,-0.001966,-0.008288,0.012439,0.005796,0.009687,0.021398,0.006715,-0.012074,-0.011617,0.005371,-0.011967,-6e-06,0.006714,0.00118,0.000237,-0.000987,-0.009831,-0.006755,0.010365,-0.007079,-0.007102
2025-08-06,0.006766,0.000818,0.005499,-0.005052,-0.018096,0.0149,-0.031694,0.018118,0.010007,0.014282,0.015963,0.006276,-0.014685,-0.010874,0.002951,0.003187,-0.011401,-0.005219,0.003345,0.02526,-0.008816,0.003131,0.006235,0.006937
2025-08-07,0.003992,-8e-05,-0.007223,-0.005352,-0.002157,-0.021569,0.004601,0.008646,-0.005969,-0.004803,-0.013349,0.008065,0.009469,0.012562,-0.014364,0.018618,0.016935,-0.016731,-0.008916,-0.012678,-0.009339,0.013336,0.007728,-0.005333
2025-08-08,0.002771,0.008902,-0.010384,-0.003961,0.003055,-0.00447,-0.002501,0.007904,-0.011652,0.010753,0.001777,-0.010768,0.019679,0.007556,-0.000326,-0.009779,-0.006342,0.007086,0.019381,0.013399,-0.005447,-0.002697,-0.009768,0.015454
2025-08-11,-0.005296,-0.003139,0.01074,-0.004973,-0.006731,0.017518,-0.006416,0.02062,0.00601,0.008786,0.016102,-0.003701,0.00765,0.008605,-0.009626,0.011494,0.01043,-0.003898,-0.001885,0.013055,-0.012807,-0.010904,0.010806,-0.014141
2025-08-12,0.007543,0.002809,-0.001521,0.000475,-0.00627,0.005645,-0.010843,0.006797,-0.001237,0.002669,-0.000559,-0.004723,0.009328,-0.003144,-0.011063,-0.003996,0.009675,0.005184,9.6e-05,-0.000739,0.02042,0.014279,0.001114,0.009029
2025-08-13,0.00756,0.01646,-0.013763,-0.004842,0.004272,-0.007528,-0.00729,-0.005499,0.016012,-0.021344,0.014241,0.007168,0.003422,-0.018853,0.007576,-0.018666,-0.007362,-0.004453,-0.002995,0.00602,-0.020213,-0.007442,0.003863,0.013752
2025-08-14,-0.008311,-0.004433,-0.022217,0.007885,-0.002204,0.005446,0.001076,-0.013054,0.009607,0.005408,-0.031641,-0.011123,-0.019553,0.001264,0.007459,0.013063,-0.014287,0.005478,0.016245,-0.014627,-0.002546,0.008184,0.009912,0.020095
2025-08-15,0.00666,-0.003283,0.01431,0.008329,0.009195,0.001005,0.00666,-0.002292,-0.015876,0.015448,-0.020319,0.0009,-0.003813,0.005805,0.012261,0.00522,-0.007056,0.013665,0.014319,-0.01732,0.01536,-0.016068,-0.010354,-0.0099
2025-08-18,-0.014524,0.005691,0.002296,-0.001165,0.005046,0.000939,0.006063,-0.021345,-0.000328,0.009453,-0.005082,-0.01147,-0.006256,0.000532,-0.018102,-0.002483,0.001284,0.001347,0.008942,-0.008155,-0.010849,-0.002408,0.018918,0.004526
2025-08-19,-0.026277,0.013242,0.005431,0.010416,-0.007013,0.016103,-0.023359,-0.016097,0.022859,0.004101,-0.01114,-0.001806,0.016388,0.000164,-0.001154,0.007933,0.003557,0.018935,0.006669,-0.01257,0.015062,-0.004494,0.001417,9.9e-05
2025-08-20,0.010281,0.01325,-0.02512,-0.008112,0.004761,0.012011,0.005723,-0.020167,0.02594,0.010758,0.014307,-0.011683,-0.009777,0.012439,0.005113,0.002276,0.001044,0.006683,0.007732,-0.015897,-0.00328,-0.008378,-0.003868,-0.024267
2025-08-21,0.012949,-0.000742,0.003756,-0.004456,0.003949,0.005117,0.005732,-0.008486,-0.006734,-0.000624,-0.026037,-0.001653,0.002161,0.009554,0.001741,-0.028462,-0.021985,0.005031,-0.01235,0.017428,0.000857,0.011454,-0.006324,0.00873
2025-08-22,-0.002602,-0.020134,-0.001635,0.022988,-0.007635,-0.005812,0.000501,-0.005406,-0.007433,-0.007362,0.011059,-0.012849,0.011553,0.010841,0.00166,0.002553,-0.011562,0.008355,0.004072,0.004449,0.00794,-0.009692,0.003046,-0.011362
2025-08-25,0.005856,0.004187,0.028836,-0.00773,0.000414,0.003919,-0.002049,-0.01203,0.020106,-0.019675,0.027069,0.006026,0.013518,-0.01457,-0.016152,-0.042151,0.010046,0.003654,-0.009036,0.002417,-0.007902,0.007255,0.009342,0.000257
2025-08-26,-0.017743,0.01205,0.022745,0.003288,0.00815,0.014182,-0.00164,-0.00444,-0.00409,0.015523,0.000962,-0.017515,-0.000801,0.007995,-0.003254,0.00429,0.007984,0.004962,0.004861,0.000641,0.008317,0.008479,0.009982,0.00015
2025-08-27,-0.007301,0.004711,0.021744,-4.4e-05,-0.019852,-0.007124,0.018197,-0.005316,0.002142,-0.011384,-0.006753,-0.013252,0.01132,-0.006403,0.0151,-0.006486,-0.00722,0.004744,-0.005672,0.032291,0.016701,0.004329,0.007248,-0.00053
2025-08-28,-0.004282,-0.014176,0.007626,0.003951,-0.010683,0.000322,0.003414,-0.007756,0.013124,-0.008483,0.001782,-0.001827,-0.002472,0.006298,-0.008997,0.028714,-0.003183,-0.006316,0.008172,-0.011554,-0.009569,0.013191,-0.00831,0.004314
2025-08-29,0.013721,-0.01413,-0.017495,-0.01072,-0.016014,-0.008821,0.015976,0.005445,0.010613,-0.010745,-0.009467,0.00218,0.012927,0.005708,0.000974,0.008794,0.000379,0.007242,0.015313,-0.011802,0.004289,-0.007118,0.000773,-0.020089
2025-09-01,0.00419,-0.019628,-0.000409,0.005409,4.8e-05,-0.026559,0.007848,0.00181,0.013952,-0.016282,0.007389,0.009411,-0.009293,0.013506,-0.011697,-0.012176,0.007411,0.010363,0.022546,0.009596,0.013041,0.003784,0.02024,-0.015722
2025-09-02,0.004523,-0.010457,-0.010493,0.02643,0.001074,-0.022585,0.008286,-0.001606,-0.0076,-0.010489,-0.012429,-0.01768,0.019024,6.8e-05,0.001247,-0.004965,-0.00779,0.011899,-0.006633,0.006006,0.026741,0.001097,0.016608,0.02755
2025-09-03,-0.010971,-0.006672,0.014308,0.007797,-0.008525,-0.006997,0.01266,0.001594,0.004724,-0.000397,-0.008039,-0.003372,-0.005671,-0.016131,-0.005574,0.003213,0.017568,-0.004538,0.005129,0.010973,-7.7e-05,-0.000282,0.004977,-0.001504
2025-09-04,0.004459,-0.001744,0.010804,-0.013721,0.002692,8.8e-05,0.003705,-0.002873,-0.007795,0.005415,0.014054,-0.012861,0.005376,0.001062,0.008857,0.023725,-0.003371,0.002501,-0.002352,-0.011578,-0.014375,0.001597,-0.006145,0.006716
2025-09-05,-0.00114,-0.010697,0.006069,0.004898,-0.001793,-0.014509,0.00579,-0.001185,0.002569,-0.007173,0.009576,-0.005689,0.016275,-0.010876,0.007901,0.00776,-0.005916,0.010735,-0.002072,0.022062,-0.002044,0.002988,0.009335,-0.001612
2025-09-08,0.000479,0.016818,0.002758,0.007449,-3.1e-05,-0.016362,0.001205,0.0057,-0.030283,0.002058,-0.012563,-0.007684,0.017784,-0.005522,0.004436,0.001885,-0.011215,-0.004769,-0.00608,0.017775,0.009301,-0.01479,-0.020951,0.010439
2025-09-09,-0.013517,-0.021334,-0.000586,-0.004042,-0.016996,0.005149,0.001765,-0.009913,-0.001433,0.006439,0.000121,-0.006941,-0.008441,-0.001574,-0.007112,0.008815,0.001741,0.001979,-0.006137,0.002996,-0.011435,-0.004702,3.8e-05,0.006535
2025-09-10,0.02243,0.009354,-0.007658,-0.021157,-0.011612,-0.002005,0.009831,-0.003225,0.008964,-0.01058,0.008308,0.007134,-0.00462,-0.016714,-0.00648,3.9e-05,-0.010716,-0.003185,0.020902,-0.000628,0.008199,0.003731,0.007728,0.018644
2025-09-11,-0.002383,0.027524,-0.006129,0.015292,0.008376,0.017641,-0.016852,0.000516,0.007621,-0.0091,-0.010504,0.001444,0.01766,0.009465,0.008872,-0.004605,0.005217,0.004287,-0.003753,-0.012608,-0.003183,0.005302,0.011606,0.020697
2025-09-12,0.010454,0.014842,0.000796,-0.011987,0.008676,0.006668,-0.005368,0.011162,0.000869,-0.004136,0.007103,0.005774,-0.010325,-0.002053,-0.001648,0.011668,0.020142,-0.001433,-0.004519,0.000207,0.026885,0.019415,0.006006,0.000874
2025-09-15,-0.001339,-0.004002,0.004065,-0.00655,-0.005705,0.010959,0.011456,-0.024293,0.01135,0.004016,0.003107,-0.00803,0.017566,-0.000856,-0.003699,-0.009512,0.003292,0.01229,0.001825,-0.000625,0.000349,-0.006006,-0.008528,-0.008018
2025-09-16,-0.001609,-0.007678,-0.002299,0.008336,-0.014937,-0.014231,0.0004,-0.009582,-0.003317,-0.000942,-0.000649,0.009275,0.001747,-0.000478,0.010131,0.011828,-0.014056,0.001555,-0.00639,0.007569,-0.012755,-0.00925,0.022,0.006449
2025-09-17,-0.013488,-0.011524,-0.018166,0.00298,0.025341,0.008354,-0.003713,-0.013274,-0.01325,0.007069,-0.007939,-0.004202,0.004933,-0.010218,-0.020457,0.008073,-0.000815,0.005871,-0.01023,-0.01196,0.010312,0.008921,-0.006273,-0.004921
2025-09-18,-0.019497,-0.012096,0.000319,0.002337,-0.018131,0.006702,0.017501,-7.8e-05,0.006304,0.007658,0.005393,0.010486,0.013905,-0.007616,-0.009483,-0.010853,0.005922,-0.006967,0.014513,0.006207,0.004366,-0.016412,-0.001189,0.012703
2025-09-19,-0.005428,0.004706,0.010679,0.011264,0.009774,-0.00448,-0.009891,0.008638,-0.02358,-0.00561,0.009937,0.007825,-0.000968,-0.003102,0.002682,-0.002362,0.008485,-0.017329,-0.006712,-0.002721,0.016011,-0.011007,0.016996,0.0172
2025-09-22,0.016359,-0.005596,0.006243,0.000148,0.002239,-0.000618,0.004752,0.011587,-0.005859,0.013415,-0.025263,-0.012877,0.00237,0.011771,-0.009222,0.010194,-0.001327,0.009998,0.006622,0.01296,0.011876,0.004442,-0.029885,-9.4e-05
2025-09-23,0.00264,0.007846,0.007538,-0.022274,0.004715,-0.00433,0.003472,0.004288,-0.019963,0.015764,0.006966,0.01145,0.006322,0.010709,0.007712,0.010369,-0.013655,0.002972,-0.002488,-0.014954,-0.006125,-0.004425,-0.010262,-0.017053
2025-09-24,-0.009268,0.011143,-0.0015,0.010642,-0.025072,0.009819,-0.026984,-0.007239,-0.012018,-0.013486,-0.02164,-0.010976,0.006551,-0.008181,-0.004308,0.016078,-0.011872,-0.001186,0.00032,-0.014884,-0.006413,0.017767,-0.007572,-0.006574
2025-09-25,-0.014882,-0.00113,-0.003255,0.019295,0.001026,0.012984,0.003243,0.010027,-0.011089,0.026145,0.010988,0.004958,-0.010608,-0.012955,-0.00687,0.007699,-0.001207,0.006657,0.009719,0.012858,0.004244,0.016398,0.01414,-0.008573
2025-09-26,0.000852,-0.002139,0.000878,-0.005399,8.4e-05,0.011248,0.001705,0.006465,0.005321,-0.003214,0.015372,-0.002011,0.008583,-0.011799,-0.010266,-0.00649,0.004747,0.0107,0.010257,0.005672,-0.006439,0.000178,-0.010358,0.014656
2025-09-29,-0.008939,-0.004753,-0.006234,0.01309,0.006959,-0.018998,0.024355,0.008878,0.005643,0.017914,0.009615,0.009018,0.001294,-0.012591,-0.001536,0.010069,0.025769,-0.003437,-0.009366,0.015816,0.017738,-0.005205,-0.002537,0.000897
2025-09-30,-0.001674,0.008393,-0.009952,0.001991,0.002876,-0.004596,0.013501,-0.001058,0.005148,0.006753,-0.005096,-0.006516,-0.009754,0.020391,-0.000627,0.020443,-0.003161,-0.002464,0.012548,0.006185,-0.00343,0.006988,-0.00049,-0.007784
2025-10-01,-0.006969,-0.00232,0.013991,-0.005396,-0.019403,-0.002316,0.005166,-0.004991,-0.007796,-0.019076,0.006836,-0.002362,-0.01569,-0.007396,-0.007086,-0.012166,-0.017525,-0.009778,0.008666,-0.014061,0.010531,0.00689,0.005252,0.014399
2025-10-02,-0.00054,-0.004674,0.009925,-0.002914,0.006716,-0.008315,-0.003475,0.013866,0.015188,-0.001532,0.000767,-0.005405,0.009374,-0.020885,0.013863,0.015898,-0.004358,0.019734,-0.00404,-0.016964,-0.007068,0.005179,0.028298,0.008757
2025-10-03,0.003098,-0.005022,0.001683,-0.005249,0.015618,0.013932,0.004009,-0.003712,0.01273,-0.009515,-0.00457,-0.015198,-0.012124,-0.01337,0.017767,-0.006506,0.011987,0.019952,0.002056,0.003406,0.013926,-0.007205,0.004719,-0.014439
2025-10-06,0.002075,0.01129,-0.00845,-0.0004,0.017599,-0.016671,-0.016874,0.008223,-0.006794,-0.010722,0.002345,0.006892,-0.013205,-0.009879,0.007022,-0.000482,-0.006316,-0.016967,0.016059,0.002691,-0.002211,-0.01193,-0.006842,0.004721
2025-10-07,0.003737,0.005545,-0.011685,0.008986,0.00588,-0.013008,-0.008751,-0.016607,0.02284,-0.024895,-0.001723,0.019126,-0.004515,-0.017601,0.000791,-0.030064,0.010509,0.009196,0.025087,-0.009047,-0.003967,-0.002839,-0.00764,0.010886
2025-10-08,0.008532,0.000184,0.0027,-0.011922,-0.006196,0.005146,0.011084,-0.005347,-0.006651,0.007293,-0.011356,-0.018349,-0.007788,0.003935,-0.021359,0.005879,0.006968,-0.008065,0.006932,-0.006031,-0.013895,-0.007257,-0.011901,-0.003649
2025-10-09,0.009163,-0.006119,0.014807,0.01009,-0.00418,0.026292,-0.002608,-0.001213,-0.008946,-0.001657,0.015754,0.011441,-0.002024,-0.02113,0.005323,0.009618,0.013496,-0.004919,-0.005799,0.010818,0.004313,0.012611,-0.017426,0.004244
2025-10-10,0.013636,0.014447,-0.010275,-0.002057,0.007004,-0.007879,0.006058,0.007136,0.001451,0.013033,0.006793,0.008895,0.005727,0.003734,-0.003883,-0.019313,-0.008815,-0.004906,-0.003024,0.001391,-0.005265,0.002782,-0.007331,0.006225
2025-10-13,-0.015741,-0.017562,0.00868,0.003593,0.016998,-0.00763,-0.004474,0.01488,-0.010066,0.002732,-0.011906,-0.020102,-0.01196,0.003816,0.007324,-0.005883,0.013011,0.004571,0.031093,0.011941,-0.01363,-0.00164,-0.00186,-0.020307
2025-10-14,-0.003096,-0.012138,-0.003692,-0.018883,-0.005671,-0.012068,0.006521,0.000216,0.013062,-0.003675,-0.002273,0.005306,0.001977,-0.000895,0.01093,0.001282,-0.018358,-0.011686,-0.014818,0.008012,-0.006158,-0.005326,0.011248,-0.014089
2025-10-15,0.02953,0.000335,-0.006698,0.013124,-0.006389,0.00919,-0.004966,-0.008163,0.009159,-0.007737,-0.001603,-0.011393,-0.001125,0.018803,0.004139,0.016632,0.010323,0.009354,-0.021141,-0.000745,0.00165,0.005919,0.011916,-0.014756
2025-10-16,-0.010867,-0.007875,-0.014058,0.005681,0.001127,0.014912,0.020693,-0.002917,-0.016193,-0.019508,-0.008152,0.000844,-0.009401,-0.002223,0.003006,-0.010059,-0.013463,0.006585,0.006339,-0.005036,-0.014872,0.004706,0.013103,-0.002082
2025-10-17,0.036159,-0.012234,-0.00715,0.012483,0.00769,0.005375,-0.00902,0.010211,0.001009,-0.001041,0.005139,-0.004781,0.016449,0.012618,-0.014445,-0.00185,-0.012727,-0.005659,0.006641,-0.02693,-0.008935,0.007384,-0.003521,0.002078
2025-10-20,-0.014519,0.007916,0.007104,0.010527,-0.000108,-0.017623,0.001098,-0.011944,-0.000916,-0.01253,0.003849,0.000672,0.016451,0.004996,-0.011166,-0.007172,-0.005935,0.010312,-0.004165,-0.007895,-0.003775,-0.01501,0.006076,-0.029588
2025-10-21,0.00067,-0.00564,0.010812,0.002959,-0.007604,-0.000968,-0.003636,-0.012391,0.018323,0.006779,0.001698,0.001808,-0.00204,0.003363,0.008986,0.004038,0.014424,0.01006,0.002067,0.001416,0.019877,0.015516,-0.001713,0.010431
2025-10-22,0.00708,-0.000758,0.009045,-0.001151,0.010268,-0.009079,0.001035,0.007653,0.00403,0.002876,-0.003727,-0.004189,0.010407,-0.004641,0.010171,-0.011408,-0.00425,-0.008472,0.001776,0.001378,-0.001874,0.005702,0.001069,0.005079
2025-10-23,0.000612,0.005778,-0.013322,0.004521,-0.012536,0.003895,-0.002259,0.008601,-0.009135,-0.012213,0.00574,-0.015163,-0.008305,-0.017148,0.004772,-0.007178,0.029853,-0.00658,0.009943,0.005239,-0.022451,0.008799,0.008457,0.003981
2025-10-24,-0.008813,0.012552,-0.03052,-0.004568,0.021999,-0.000427,-0.001112,-0.008785,0.001013,0.004549,-1.5e-05,-0.010396,0.01096,0.014371,-0.012378,-0.000792,-0.015169,0.006463,0.031358,-0.000866,-0.008559,0.011602,-0.005705,-0.027104
2025-10-27,-0.008345,0.012289,0.002068,0.000362,0.008641,0.004751,-0.011017,-0.015089,0.025365,0.005263,-0.000316,-0.003335,0.009951,-0.004251,-0.008868,-0.000742,0.006956,0.013745,-0.008625,0.001031,0.010699,0.013827,0.009656,0.004518
2025-10-28,0.000422,0.007759,-0.000982,0.007465,0.016167,-0.015294,-0.006433,-0.004401,-0.020471,0.016621,0.006489,-0.000257,0.011141,-0.005702,0.026743,0.01937,0.016776,0.013891,0.005204,-0.011442,0.003924,-0.017901,0.010079,-0.014785
2025-10-29,0.000265,0.010678,0.000176,0.012733,0.014541,-0.004487,-0.010265,0.003514,-0.012302,0.010995,0.010359,-2.2e-05,-0.006708,-0.009833,0.008041,-0.012223,0.009034,-0.007018,0.000798,0.015396,0.008271,-0.001788,-0.021719,0.001777
2025-10-30,-0.000313,0.011756,-0.000415,0.011709,-0.001149,-0.006649,0.000183,0.001704,0.000569,0.010847,0.001922,0.004683,-0.00625,0.005218,0.002382,0.002466,0.010384,-0.011719,-0.011396,0.009342,-0.013892,0.013503,0.018359,0.009592
2025-10-31,0.013969,0.010866,-0.001448,-0.006779,0.013067,0.01151,0.019553,-0.001846,0.010222,-0.00413,-0.009816,-0.005248,-5e-06,0.021207,0.001788,-0.000902,-0.004645,0.01677,0.002374,-0.003591,-0.033266,-0.014532,0.000525,0.013531
2025-11-03,-0.002784,0.008563,0.008169,-0.002204,-0.001433,0.02644,-0.002464,0.015914,0.019286,0.010151,0.004791,0.002244,-0.006994,0.018718,0.002616,0.006061,0.013737,0.017295,-0.019271,-0.006296,-0.005434,0.011323,0.021776,0.002315
2025-11-04,-0.019593,-0.003936,-0.00284,-0.021765,-0.012084,0.014349,-0.003291,0.001576,0.005562,-0.017996,-0.003186,0.005656,-0.007037,-0.002682,0.014555,-0.005825,0.00522,-0.004845,0.020311,-0.00087,0.002478,0.012785,0.001508,0.002657
2025-11-05,-0.013365,-0.000604,-0.014357,0.009997,0.014746,0.008636,-0.002366,0.013809,-0.003979,0.017076,0.020953,0.001048,0.018199,0.005006,-0.015993,0.010417,0.019703,-0.009602,0.016365,0.007484,-0.016243,0.013744,0.014314,-0.000928
2025-11-06,-0.004642,0.000589,0.026686,-0.013449,0.00947,0.007612,-0.010595,0.000428,-0.00396,-0.010372,-4.3e-05,0.000934,0.002165,-0.021505,0.014891,-0.008143,-0.01552,0.00492,-0.003853,-8.8e-05,-0.010433,-0.00343,0.014034,-0.002408
2025-11-07,-0.001614,0.011404,-0.015873,-0.018122,-0.014251,-0.008708,-0.009943,0.003988,-0.014829,0.001145,0.005825,-0.008751,-0.007979,0.003822,0.000409,0.01037,0.000831,0.002265,-0.008962,0.000682,-0.000743,0.003439,-0.000527,-5.7e-05
2025-11-10,0.010451,0.000441,0.004342,-0.01307,0.013742,-0.00732,0.00176,0.021015,-0.013693,-0.021018,-0.012685,0.02689,0.016164,-0.002712,-0.013924,0.012593,0.012933,-0.000814,0.006875,-0.003888,0.014329,0.001439,0.005558,0.009798
2025-11-11,-0.008394,-0.011969,-0.01066,-0.011015,0.000707,-0.004314,-0.002368,-0.000659,0.01293,-0.004165,-0.008461,0.015673,-0.004111,0.011011,0.00373,-0.015717,-0.013184,-0.005102,-0.012072,-0.00609,0.000939,0.014051,-0.018255,0.007076
2025-11-12,-0.00262,0.00407,0.002558,-0.005844,0.008212,0.006506,-0.001892,-0.008188,0.012546,0.013627,-0.001456,-0.011458,0.013011,-0.002788,-0.003233,-0.004648,0.009233,-0.000403,-0.007424,0.002487,0.003957,0.024408,0.006616,-0.005031
2025-11-13,-0.015625,0.010984,0.003245,-0.004591,-0.013094,-0.005413,0.003108,0.003529,-0.003508,0.010344,-0.012096,-0.004695,-0.01698,-0.029235,-0.007935,0.014498,-0.012717,-0.004116,-0.001778,0.024873,0.001274,0.011193,0.005933,0.009531
2025-11-14,-0.002461,0.00857,0.001796,0.016356,-0.010955,-0.001702,0.008058,0.021476,0.013821,-0.003946,-0.005402,-0.006626,-0.010304,-0.005534,0.005046,-0.00204,0.005475,0.003735,0.00942,0.005914,0.001376,0.003681,0.00148,0.013893
2025-11-17,-0.001372,0.013672,0.000569,-0.007649,-0.002657,0.007431,0.000814,0.00104,-0.001268,0.010586,-0.000924,-0.01983,0.027184,0.002197,0.004714,-0.015624,-0.006154,-0.012079,0.000746,-0.012907,-0.011697,-0.001208,-0.017846,0.002606
2025-11-18,-0.010584,0.008923,0.003471,0.013382,0.02259,0.004297,0.012027,-0.022936,0.026917,0.003214,-0.011609,0.012649,-0.008104,-0.003727,0.003165,-0.007514,0.013655,0.013755,0.004433,0.003493,-0.017513,0.008136,0.003188,0.005187
2025-11-19,-0.015799,-0.00018,-0.003509,-0.001027,0.001844,0.021648,-0.00708,0.011266,-0.001491,0.009162,-0.001523,0.009909,0.011708,0.021472,0.004073,-0.002683,0.015771,-0.005116,0.008952,-0.018128,-0.021742,-0.012405,-8e-05,-0.007282
2025-11-20,0.010822,0.003836,-0.013243,-0.00133,0.002836,0.021005,0.001758,-0.009932,0.008083,-0.004456,-0.008392,-0.019483,-0.002113,0.002725,-0.011632,0.010856,-0.011267,0.004748,-0.001425,-0.002208,0.006426,-0.006035,-0.012519,0.013311
2025-11-21,0.017786,0.002107,0.001224,0.01585,0.013632,-0.002146,-0.002207,-0.000865,0.011221,0.006224,0.009982,-0.011514,-0.000362,-0.013138,-0.016642,-0.010433,0.027711,0.006017,0.000564,0.00988,-0.002772,0.000445,-0.00367,0.002362
2025-11-24,0.015593,-0.005863,0.003119,-0.009484,-0.0192,0.001148,-0.000606,0.0115,0.002371,-0.00655,-0.011061,0.010852,-0.005771,0.00229,-0.007736,0.005611,-0.008679,-0.00641,-0.012699,-0.007655,-0.006501,-0.015636,-0.014645,0.00713
2025-11-25,0.007546,0.008057,0.013226,-0.020057,-0.011951,-0.001305,0.009676,0.000479,0.002767,-0.004008,-0.006252,-0.019267,-0.000796,0.002795,0.009275,0.014014,-0.006878,0.010584,0.013805,-0.001683,0.011459,-0.005737,-0.004549,-0.005499
2025-11-26,-0.012227,0.006892,-0.000858,0.00182,-0.023246,0.022006,-0.013904,0.019546,0.014314,-0.005085,-0.01278,0.016158,-0.00283,-0.009094,1.4e-05,-0.0112,0.028821,-0.001988,0.003058,-0.008875,0.00589,-0.007868,-0.004354,0.004961
2025-11-27,0.008339,0.010397,-0.001748,-0.003173,0.018835,-0.003838,0.005794,0.00499,0.004669,-0.008267,-0.001728,-0.008265,5.4e-05,-0.017273,0.014649,-0.005756,-0.015791,0.024484,-0.002852,0.025859,0.001229,-0.002404,0.000113,-0.012259
2025-11-28,-0.004184,0.017242,0.001438,0.006841,-0.011799,0.011935,0.007413,-0.007313,0.005326,0.002903,-0.001349,0.005416,0.009854,-0.00147,-0.005301,0.009128,-0.007044,-0.019702,0.003426,-0.007047,-0.01444,0.012939,0.003858,-0.009088
2025-12-01,0.00277,2.5e-05,-0.001456,0.005788,0.009141,-0.006397,-0.011541,0.006526,0.004704,-0.005878,0.00733,-0.001003,-0.022254,0.00255,-0.009867,0.006958,0.000606,0.003632,-0.008487,0.024738,0.006609,0.000126,-0.000453,-0.00161
